Unnamed: 0,Rk,PLAYER,POSITION,AGE,MP,FG,FGA,FG%,3P,3PA,3P%,2P,2PA,2P%,eFG%,FT,FTA,FT%,ORB,DRB,TRB,AST,STL,BLK,TOV,PF,POINTS,TEAM,GP,MPG,ORPM,DRPM,RPM,WINS_RPM,PIE,PACE,W,Total Impact Score
0,1,Russell Westbrook,PG,28,34.6,10.2,24.0,0.425,2.5,7.2,0.3429999999999999,7.7,16.8,0.4589999999999999,0.476,8.8,10.4,0.845,1.7,9.0,10.7,10.4,1.6,0.4,5.4,2.3,31.6,OKC,81,34.6,6.74,-0.47,6.27,17.34,23.0,102.31,46,49.3
1,2,James Harden,PG,27,36.4,8.3,18.9,0.44,3.2,9.3,0.347,5.1,9.6,0.53,0.525,9.2,10.9,0.847,1.2,7.0,8.1,11.2,1.5,0.5,5.7,2.7,29.1,HOU,81,36.4,6.38,-1.57,4.81,15.54,19.0,102.98,54,44.7
3,3,Anthony Davis,C,23,36.1,10.3,20.3,0.505,0.5,1.8,0.299,9.7,18.6,0.524,0.518,6.9,8.6,0.802,2.3,9.5,11.8,2.1,1.3,2.2,2.4,2.2,28.0,NO,75,36.1,0.45,3.9,4.35,12.81,19.2,100.19,31,43.0
5,4,DeMarcus Cousins,C,26,34.2,9.0,19.9,0.452,1.8,5.0,0.361,7.2,14.8,0.483,0.498,7.2,9.3,0.772,2.1,8.9,11.0,4.6,1.4,1.3,3.7,3.9,27.0,NO/SAC,72,34.2,3.56,0.64,4.2,11.26,17.8,97.11,30,41.599999999999994
7,5,LeBron James,SF,32,37.8,9.9,18.2,0.5479999999999999,1.7,4.6,0.363,8.3,13.5,0.611,0.594,4.8,7.2,0.674,1.3,7.3,8.6,8.7,1.2,0.6,4.1,1.8,26.4,CLE,74,37.8,6.49,1.93,8.42,20.43,18.3,98.38,51,41.400000000000006
12,6,Karl-Anthony Towns,C,21,37.0,9.8,18.0,0.542,1.2,3.4,0.367,8.5,14.7,0.5820000000000001,0.5760000000000001,4.3,5.2,0.8320000000000001,3.6,8.7,12.3,2.7,0.7,1.3,2.6,2.9,25.1,MIN,82,37.0,3.54,-1.41,2.13,10.0,17.1,97.1,31,39.50000000000001
11,7,Kevin Durant,SF,28,33.4,8.9,16.5,0.537,1.9,5.0,0.375,7.0,11.5,0.608,0.594,5.4,6.2,0.875,0.6,7.6,8.3,4.8,1.1,1.6,2.2,1.9,25.1,GS,62,33.4,4.41,1.33,5.74,12.24,18.6,103.71,51,38.7
19,8,Giannis Antetokounmpo,SF,22,35.6,8.2,15.7,0.521,0.6,2.3,0.272,7.6,13.5,0.563,0.541,5.9,7.7,0.77,1.8,7.0,8.8,5.4,1.6,1.9,2.9,3.1,22.9,MIL,80,35.6,2.35,1.86,4.21,13.0,17.6,96.46,42,37.7
18,9,John Wall,PG,26,36.4,8.3,18.4,0.451,1.1,3.5,0.327,7.2,14.9,0.48,0.482,5.4,6.8,0.8009999999999999,0.8,3.4,4.2,10.7,2.0,0.6,4.1,1.9,23.1,WSH,78,36.4,3.52,-1.26,2.26,9.9,15.3,101.07,48,36.5
6,10,Damian Lillard,PG,26,35.9,8.8,19.8,0.444,2.9,7.7,0.37,6.0,12.1,0.492,0.516,6.5,7.3,0.895,0.6,4.3,4.9,5.9,0.9,0.3,2.6,2.0,27.0,POR,75,35.9,4.63,-1.49,3.14,10.72,15.9,99.68,38,36.39999999999999
2,11,Isaiah Thomas,PG,27,33.8,9.0,19.4,0.4629999999999999,3.2,8.5,0.379,5.8,10.9,0.528,0.546,7.8,8.5,0.909,0.6,2.1,2.7,5.9,0.9,0.2,2.8,2.2,28.9,BOS,76,33.8,5.72,-3.89,1.83,8.19,16.1,99.84,51,35.800000000000004
13,12,Jimmy Butler,SF,27,37.0,7.5,16.5,0.455,1.2,3.3,0.367,6.3,13.2,0.477,0.492,7.7,8.9,0.865,1.7,4.5,6.2,5.5,1.9,0.4,2.1,1.5,23.9,CHI,76,37.0,4.82,1.8,6.62,17.35,16.4,97.78,40,35.79999999999999
9,13,Stephen Curry,PG,28,33.4,8.5,18.3,0.4679999999999999,4.1,10.0,0.411,4.4,8.3,0.537,0.58,4.1,4.6,0.898,0.8,3.7,4.5,6.6,1.8,0.2,3.0,2.3,25.3,GS,79,33.4,7.27,0.14,7.41,18.8,15.1,105.08,65,35.4
4,14,DeMar DeRozan,SG,27,35.4,9.7,20.9,0.467,0.4,1.7,0.266,9.3,19.2,0.484,0.477,7.4,8.7,0.8420000000000001,0.9,4.3,5.2,3.9,1.1,0.2,2.4,1.8,27.3,TOR,74,35.4,2.21,-2.04,0.17,5.46,15.5,97.69,47,35.300000000000004
8,15,Kawhi Leonard,SF,25,33.4,8.6,17.7,0.485,2.0,5.2,0.38,6.6,12.5,0.529,0.541,6.3,7.2,0.88,1.1,4.7,5.8,3.5,1.8,0.7,2.1,1.6,25.5,SA,74,33.4,5.83,1.25,7.08,15.53,17.4,95.79,54,35.199999999999996
25,16,Blake Griffin,PF,27,34.0,7.9,15.9,0.493,0.6,1.9,0.336,7.2,14.1,0.514,0.513,5.2,6.9,0.76,1.8,6.3,8.1,4.9,0.9,0.4,2.3,2.6,21.6,LAC,61,34.0,3.02,0.76,3.78,9.2,15.2,98.71,40,33.6
10,17,Kyrie Irving,PG,24,35.1,9.3,19.7,0.473,2.5,6.1,0.401,6.9,13.6,0.505,0.535,4.1,4.6,0.905,0.7,2.5,3.2,5.8,1.2,0.3,2.5,2.2,25.2,CLE,72,35.1,4.35,-2.3,2.05,8.28,13.5,99.12,47,33.199999999999996
21,18,Kyle Lowry,PG,30,37.4,7.1,15.3,0.4639999999999999,3.2,7.8,0.412,3.9,7.5,0.518,0.569,5.0,6.1,0.8190000000000001,0.8,4.0,4.8,7.0,1.5,0.3,2.9,2.8,22.4,TOR,60,37.4,4.7,1.18,5.88,12.67,14.7,96.85,36,33.1
14,19,Paul George,SF,26,35.9,8.3,18.0,0.461,2.6,6.6,0.3929999999999999,5.7,11.4,0.501,0.534,4.5,5.0,0.898,0.8,5.8,6.6,3.3,1.6,0.4,2.9,2.7,23.7,IND,75,35.9,2.67,-0.09,2.58,9.72,13.6,98.13,39,32.699999999999996
47,20,Hassan Whiteside,C,27,32.6,7.0,12.6,0.557,0.0,0.0,,7.0,12.6,0.557,0.557,2.9,4.6,0.628,3.8,10.3,14.1,0.7,0.7,2.1,2.0,2.9,17.0,MIA,77,32.6,-0.69,2.72,2.03,8.15,16.3,97.11,39,32.6
40,21,Chris Paul,PG,31,31.5,6.1,12.9,0.476,2.0,5.0,0.411,4.1,7.9,0.518,0.555,3.8,4.3,0.892,0.7,4.3,5.0,9.2,2.0,0.1,2.4,2.4,18.1,LAC,61,31.5,5.16,2.76,7.92,13.48,18.2,98.19,43,32.0
16,22,Kemba Walker,PG,26,34.7,8.1,18.3,0.444,3.0,7.6,0.3989999999999999,5.1,10.7,0.476,0.527,3.8,4.5,0.847,0.6,3.3,3.9,5.5,1.1,0.3,2.1,1.5,23.2,CHA,79,34.7,3.93,-1.25,2.68,9.95,13.7,98.19,36,31.89999999999999
34,23,Kevin Love,PF,28,31.4,6.2,14.5,0.427,2.4,6.5,0.373,3.8,8.0,0.471,0.51,4.3,4.9,0.871,2.5,8.6,11.1,1.9,0.9,0.4,2.0,2.1,19.0,CLE,60,31.4,2.77,2.26,5.03,9.76,14.8,99.66,40,31.299999999999997
26,24,Eric Bledsoe,PG,27,33.0,6.8,15.7,0.434,1.6,4.7,0.335,5.2,11.0,0.477,0.485,5.9,6.9,0.847,0.8,4.1,4.8,6.3,1.4,0.5,3.4,2.5,21.1,PHX,66,33.0,2.33,-0.64,1.69,6.85,14.1,103.09,22,30.700000000000003
49,25,Nikola Jokic,C,21,27.9,6.8,11.7,0.578,0.6,1.9,0.324,6.2,9.8,0.628,0.605,2.6,3.1,0.825,2.9,6.9,9.8,4.9,0.8,0.8,2.3,2.9,16.7,DEN,73,27.9,4.44,2.29,6.73,13.18,16.7,100.76,37,30.699999999999992
20,26,Carmelo Anthony,SF,32,34.3,8.1,18.8,0.433,2.0,5.7,0.359,6.1,13.1,0.466,0.488,4.1,4.9,0.833,0.8,5.1,5.9,2.9,0.8,0.5,2.1,2.7,22.4,NY,74,34.3,1.87,-1.75,0.12,5.26,11.8,98.48,29,30.4
32,27,Marc Gasol,C,32,34.2,7.2,15.7,0.4589999999999999,1.4,3.6,0.3879999999999999,5.8,12.1,0.48,0.503,3.8,4.5,0.8370000000000001,0.8,5.5,6.3,4.6,0.9,1.3,2.2,2.3,19.5,MEM,74,34.2,1.86,0.72,2.58,8.69,15.1,94.43,40,30.399999999999995
24,28,Gordon Hayward,SF,26,34.5,7.5,15.8,0.471,2.0,5.1,0.3979999999999999,5.4,10.7,0.506,0.536,5.0,5.9,0.8440000000000001,0.7,4.7,5.4,3.5,1.0,0.3,1.9,1.6,21.9,UTAH,73,34.5,3.14,-0.08,3.06,9.45,15.8,93.44,46,30.199999999999996
30,29,Joel Embiid,C,22,25.4,6.5,13.8,0.466,1.2,3.2,0.367,5.3,10.7,0.495,0.508,6.2,7.9,0.7829999999999999,2.0,5.9,7.8,2.1,0.9,2.5,3.8,3.6,20.2,PHI,31,25.4,-0.57,2.27,1.7,2.46,17.4,100.25,13,29.7
27,30,Mike Conley,PG,29,33.2,6.7,14.6,0.46,2.5,6.1,0.408,4.2,8.6,0.497,0.545,4.6,5.3,0.8590000000000001,0.4,3.0,3.5,6.3,1.3,0.3,2.3,1.8,20.5,MEM,69,33.2,4.67,-0.2,4.47,10.5,16.0,94.64,35,29.6
72,31,Rudy Gobert,C,24,33.9,5.1,7.7,0.6609999999999999,0.0,0.0,0.0,5.1,7.7,0.662,0.6609999999999999,3.8,5.9,0.653,3.9,8.9,12.8,1.2,0.6,2.6,1.8,3.0,14.0,UTAH,81,33.9,0.35,6.02,6.37,15.55,16.1,93.11,51,29.400000000000002
39,32,Paul Millsap,PF,31,34.0,6.2,14.1,0.442,1.1,3.5,0.311,5.1,10.6,0.486,0.481,4.5,5.9,0.768,1.6,6.1,7.7,3.7,1.3,0.9,2.3,2.7,18.1,ATL,69,34.0,1.23,3.35,4.58,11.51,12.6,100.22,40,29.4
82,33,Andre Drummond,C,23,29.7,6.0,11.2,0.53,0.0,0.1,0.286,5.9,11.2,0.532,0.531,1.7,4.4,0.386,4.3,9.5,13.8,1.1,1.5,1.1,1.9,2.9,13.6,DET,81,29.7,-1.8,1.55,-0.25,4.33,13.6,96.5,36,29.200000000000003
17,34,Bradley Beal,SG,23,34.9,8.3,17.2,0.482,2.9,7.2,0.4039999999999999,5.4,10.0,0.5379999999999999,0.5660000000000001,3.7,4.4,0.825,0.7,2.4,3.1,3.5,1.1,0.3,2.0,2.2,23.1,WSH,77,34.9,3.29,-1.04,2.25,9.26,11.9,100.11,48,29.100000000000005
15,35,Andrew Wiggins,SF,21,37.2,8.6,19.1,0.452,1.3,3.5,0.356,7.4,15.6,0.473,0.484,5.0,6.6,0.76,1.2,2.8,4.0,2.3,1.0,0.4,2.3,2.2,23.6,MIN,82,37.2,1.56,-3.16,-1.6,2.94,9.5,97.56,31,29.0
31,36,Jabari Parker,PF,21,33.9,7.8,16.0,0.49,1.3,3.5,0.365,6.5,12.5,0.525,0.53,3.2,4.3,0.743,1.5,4.6,6.2,2.8,1.0,0.4,1.8,2.2,20.1,MIL,51,33.9,0.83,-1.61,-0.78,2.59,12.1,98.47,22,28.7
97,37,DeAndre Jordan,C,28,31.7,5.1,7.1,0.7140000000000001,0.0,0.0,0.0,5.1,7.1,0.7170000000000001,0.7140000000000001,2.5,5.2,0.482,3.7,10.1,13.8,1.2,0.6,1.7,1.4,2.6,12.7,LAC,81,31.7,1.11,3.44,4.55,12.59,15.0,98.43,51,28.6
29,38,Goran Dragic,PG,30,33.7,7.3,15.4,0.475,1.6,4.0,0.405,5.7,11.4,0.499,0.527,4.1,5.2,0.79,0.8,3.0,3.8,5.8,1.2,0.2,2.9,2.7,20.3,MIA,73,33.7,2.54,-1.62,0.92,6.3,13.0,98.16,40,28.400000000000002
64,39,Nikola Vucevic,C,26,28.8,6.4,13.7,0.4679999999999999,0.3,1.0,0.307,6.1,12.7,0.481,0.48,1.4,2.1,0.669,2.3,8.0,10.4,2.8,1.0,1.0,1.6,2.4,14.6,ORL,75,28.8,-1.38,2.15,0.77,5.44,14.2,100.74,27,28.2
28,40,Brook Lopez,C,28,29.6,7.4,15.6,0.474,1.8,5.2,0.346,5.6,10.5,0.536,0.531,3.9,4.9,0.81,1.6,3.8,5.4,2.3,0.5,1.7,2.5,2.6,20.5,BKN,75,29.6,1.4,0.55,1.95,7.59,12.4,104.03,20,27.9
22,41,Klay Thompson,SG,26,34.0,8.3,17.6,0.4679999999999999,3.4,8.3,0.414,4.8,9.3,0.516,0.565,2.4,2.8,0.853,0.6,3.0,3.7,2.1,0.8,0.5,1.6,1.8,22.3,GS,78,34.0,2.78,-0.45,2.33,9.53,10.9,102.15,66,27.8
36,42,Rudy Gay,SF,30,33.8,6.7,14.7,0.455,1.4,3.8,0.372,5.3,11.0,0.483,0.502,3.9,4.6,0.855,1.2,5.2,6.3,2.8,1.5,0.9,2.5,2.6,18.7,SAC,30,33.8,-0.21,1.96,1.75,3.1,12.5,98.07,11,27.7
41,43,Kristaps Porzingis,PF,21,32.8,6.7,14.9,0.45,1.7,4.8,0.357,5.0,10.2,0.493,0.507,3.0,3.8,0.7859999999999999,1.7,5.5,7.2,1.5,0.7,2.0,1.8,3.7,18.1,NY,66,32.8,-0.31,1.9,1.59,6.54,10.6,99.15,26,27.7
83,44,Dwight Howard,C,31,29.7,5.2,8.3,0.633,0.0,0.0,0.0,5.2,8.3,0.635,0.633,3.1,5.7,0.5329999999999999,4.0,8.7,12.7,1.4,0.9,1.2,2.3,2.7,13.5,ATL,74,29.7,-1.7,2.6,0.9,5.65,15.1,99.8,37,27.399999999999995
45,45,LaMarcus Aldridge,PF,31,32.4,6.9,14.6,0.477,0.3,0.8,0.411,6.6,13.8,0.48,0.488,3.1,3.8,0.812,2.4,4.9,7.3,1.9,0.6,1.2,1.4,2.2,17.3,SA,72,32.4,-0.09,1.05,0.96,5.79,12.2,94.47,52,26.900000000000002
23,46,Devin Booker,SG,20,35.0,7.8,18.3,0.423,1.9,5.2,0.363,5.9,13.2,0.447,0.475,4.7,5.7,0.8320000000000001,0.6,2.6,3.2,3.4,0.9,0.3,3.1,3.1,22.1,PHX,78,35.0,1.28,-2.58,-1.3,3.29,8.9,103.62,24,26.799999999999997
37,47,Dwyane Wade,SG,35,29.9,6.9,15.9,0.434,0.8,2.4,0.31,6.2,13.5,0.456,0.457,3.7,4.7,0.794,1.1,3.5,4.5,3.8,1.4,0.7,2.3,1.9,18.3,CHI,60,29.9,-0.45,-0.46,-0.91,2.52,12.1,98.2,29,26.4
59,48,Nicolas Batum,SG,28,34.0,5.1,12.7,0.4029999999999999,1.8,5.3,0.3329999999999999,3.4,7.4,0.4529999999999999,0.472,3.2,3.7,0.856,0.6,5.6,6.2,5.9,1.1,0.4,2.5,1.4,15.1,CHA,77,34.0,1.3,-0.35,0.95,6.73,11.8,98.76,35,26.200000000000003
73,49,Al Horford,C,30,32.3,5.6,11.8,0.473,1.3,3.6,0.355,4.3,8.2,0.524,0.527,1.6,2.0,0.8,1.4,5.4,6.8,5.0,0.8,1.3,1.7,2.0,14.0,BOS,68,32.3,0.76,1.06,1.82,6.93,12.5,98.96,46,26.200000000000003
135,50,Draymond Green,PF,26,32.5,3.6,8.6,0.418,1.1,3.5,0.308,2.5,5.1,0.494,0.481,2.0,2.8,0.7090000000000001,1.3,6.6,7.9,7.0,2.0,1.4,2.4,2.9,10.2,GS,76,32.5,1.55,5.59,7.14,16.84,11.7,103.34,62,26.1
58,51,Jeff Teague,PG,28,32.4,4.9,11.1,0.442,1.1,3.1,0.357,3.8,8.0,0.475,0.492,4.4,5.1,0.867,0.4,3.6,4.0,7.8,1.2,0.4,2.6,2.0,15.3,IND,82,32.4,1.86,-0.22,1.64,8.08,13.1,98.98,42,26.099999999999998
57,52,Jrue Holiday,PG,26,32.7,6.0,13.3,0.4539999999999999,1.5,4.2,0.356,4.6,9.1,0.498,0.51,1.8,2.5,0.708,0.7,3.3,3.9,7.3,1.5,0.7,2.9,2.0,15.4,NO,67,32.7,0.64,1.18,1.82,6.89,12.1,100.12,32,25.900000000000002
33,53,Harrison Barnes,PF,24,35.5,7.6,16.2,0.4679999999999999,1.0,2.8,0.351,6.6,13.4,0.492,0.498,3.1,3.6,0.861,1.2,3.8,5.0,1.5,0.8,0.2,1.3,1.6,19.2,DAL,79,35.5,-0.44,0.11,-0.33,4.78,11.2,93.9,32,25.4
43,54,Dennis Schroder,PG,23,31.5,6.9,15.4,0.451,1.3,3.7,0.34,5.7,11.6,0.487,0.493,2.8,3.2,0.855,0.5,2.6,3.1,6.3,0.9,0.2,3.3,1.9,17.9,ATL,79,31.5,0.31,-2.76,-2.45,1.07,11.7,100.32,42,25.099999999999998
38,55,Danilo Gallinari,SF,28,33.9,5.3,11.9,0.447,2.0,5.1,0.389,3.3,6.8,0.491,0.531,5.5,6.1,0.902,0.6,4.5,5.2,2.1,0.6,0.2,1.3,1.5,18.2,DEN,63,33.9,2.67,0.21,2.88,8.39,11.4,100.53,31,25.0
42,56,Derrick Rose,PG,28,32.5,7.2,15.3,0.471,0.2,0.9,0.217,7.0,14.3,0.487,0.477,3.5,4.0,0.8740000000000001,1.0,2.8,3.8,4.4,0.7,0.3,2.3,1.3,18.0,NY,64,32.5,0.11,-2.36,-2.25,1.17,11.2,99.19,26,24.900000000000002
67,57,Myles Turner,C,20,31.4,5.5,10.7,0.511,0.5,1.4,0.348,5.0,9.3,0.536,0.534,3.0,3.7,0.809,1.7,5.6,7.3,1.3,0.9,2.1,1.3,3.2,14.5,IND,81,31.4,0.09,2.57,2.66,9.31,11.2,98.5,42,24.8
35,58,Zach LaVine,SG,21,37.2,6.9,15.1,0.4589999999999999,2.6,6.6,0.387,4.4,8.5,0.515,0.544,2.5,3.0,0.836,0.4,3.0,3.4,3.0,0.9,0.2,1.8,2.2,18.9,MIN,47,37.2,-0.62,-2.35,-2.97,0.17,9.5,96.38,16,24.599999999999994
50,59,Avery Bradley,SG,26,33.4,6.5,14.1,0.4629999999999999,2.0,5.0,0.39,4.6,9.1,0.504,0.5329999999999999,1.2,1.7,0.731,1.2,4.9,6.1,2.2,1.2,0.2,1.6,2.6,16.3,BOS,55,33.4,-0.44,-1.72,-2.16,1.13,9.9,99.23,34,24.399999999999995
86,60,Julius Randle,PF,22,28.8,5.1,10.4,0.488,0.2,0.9,0.27,4.9,9.6,0.507,0.499,2.8,3.8,0.723,2.0,6.6,8.6,3.6,0.7,0.5,2.3,3.4,13.2,LAL,74,28.8,-0.79,-1.03,-1.82,1.83,11.3,100.9,24,24.299999999999997
48,61,George Hill,PG,30,31.5,5.9,12.4,0.477,1.9,4.8,0.4029999999999999,4.0,7.6,0.523,0.5539999999999999,3.2,4.0,0.8009999999999999,0.5,2.9,3.4,4.2,1.0,0.2,1.7,2.3,16.9,UTAH,49,31.5,2.64,1.11,3.75,6.28,12.8,92.9,33,23.999999999999996
55,62,Wilson Chandler,SF,29,30.9,6.1,13.2,0.461,1.5,4.6,0.337,4.5,8.6,0.527,0.52,2.0,2.7,0.727,1.5,5.0,6.5,2.0,0.7,0.4,1.6,2.4,15.7,DEN,71,30.9,0.3,-1.54,-1.24,2.69,9.8,100.43,35,23.699999999999996
109,63,Ricky Rubio,PG,26,32.9,3.5,8.7,0.402,0.8,2.6,0.306,2.7,6.1,0.4429999999999999,0.4479999999999999,3.4,3.8,0.8909999999999999,0.9,3.2,4.1,9.1,1.7,0.1,2.6,2.7,11.1,MIN,75,32.9,1.73,0.76,2.49,8.72,11.4,97.07,28,23.499999999999996
93,64,Elfrid Payton,PG,22,29.4,5.2,11.1,0.471,0.5,1.8,0.2739999999999999,4.8,9.3,0.509,0.493,1.8,2.6,0.6920000000000001,1.1,3.6,4.7,6.5,1.1,0.5,2.2,2.2,12.8,ORL,82,29.4,1.12,-0.78,0.34,5.38,11.7,100.23,29,23.400000000000002
61,65,Serge Ibaka,PF,27,30.7,6.0,12.4,0.48,1.6,4.0,0.391,4.4,8.4,0.522,0.5429999999999999,1.4,1.6,0.856,1.6,5.2,6.8,0.9,0.5,1.6,1.3,2.7,14.8,ORL/TOR,79,30.7,-0.51,1.08,0.57,5.7,10.6,97.87,37,23.3
71,66,Zach Randolph,PF,35,24.5,5.9,13.2,0.449,0.3,1.3,0.223,5.6,11.9,0.474,0.46,1.9,2.6,0.731,2.5,5.7,8.2,1.7,0.5,0.1,1.4,1.9,14.1,MEM,73,24.5,-0.37,-1.05,-1.42,1.83,15.2,94.36,38,23.2
52,67,Tobias Harris,PF,24,31.3,6.2,13.0,0.481,1.3,3.8,0.347,4.9,9.1,0.537,0.532,2.3,2.8,0.841,0.8,4.3,5.1,1.7,0.7,0.5,1.2,1.6,16.1,DET,82,31.3,1.19,-0.25,0.94,6.55,11.3,97.41,37,22.900000000000002
56,68,D'Angelo Russell,PG,20,28.7,5.6,13.8,0.405,2.1,6.1,0.352,3.4,7.7,0.447,0.483,2.3,3.0,0.782,0.5,3.0,3.5,4.8,1.4,0.3,2.8,2.1,15.6,LAL,63,28.7,0.75,-2.45,-1.7,1.69,9.9,100.87,21,22.8
99,69,Pau Gasol,C,36,25.4,4.7,9.4,0.502,0.9,1.6,0.5379999999999999,3.9,7.8,0.494,0.5479999999999999,2.0,2.9,0.7070000000000001,1.7,6.2,7.8,2.3,0.4,1.1,1.3,1.7,12.4,SA,64,25.4,0.86,1.49,2.35,5.48,14.3,95.48,47,22.7
69,70,Dirk Nowitzki,PF,38,26.4,5.5,12.6,0.437,1.5,3.9,0.3779999999999999,4.0,8.7,0.4629999999999999,0.495,1.8,2.1,0.875,0.4,6.1,6.5,1.5,0.6,0.7,0.9,2.1,14.2,DAL,54,26.4,-0.38,0.64,0.26,3.02,12.4,96.06,23,22.6
66,71,Jeremy Lin,PG,28,24.5,4.9,11.1,0.4379999999999999,1.6,4.3,0.372,3.3,6.8,0.48,0.51,3.2,3.9,0.816,0.3,3.4,3.8,5.1,1.2,0.4,2.4,2.2,14.5,BKN,36,24.5,0.48,-0.03,0.45,2.21,13.1,106.86,13,22.599999999999998
53,72,Victor Oladipo,SG,24,33.2,6.1,13.9,0.442,1.9,5.3,0.361,4.3,8.7,0.491,0.51,1.7,2.3,0.753,0.6,3.8,4.3,2.6,1.2,0.3,1.8,2.3,15.9,OKC,67,33.2,0.1,1.56,1.66,6.88,9.5,101.1,39,22.5
54,73,Dion Waiters,SG,25,30.1,6.1,14.4,0.424,1.8,4.7,0.395,4.3,9.7,0.4379999999999999,0.488,1.8,2.8,0.6459999999999999,0.4,2.9,3.3,4.3,0.9,0.4,2.2,2.1,15.8,MIA,46,30.1,0.12,-0.07,0.05,2.8,10.0,98.03,27,22.5
120,74,Marcin Gortat,C,32,31.2,4.8,8.2,0.579,0.0,0.0,0.0,4.8,8.2,0.58,0.579,1.3,1.9,0.648,2.9,7.5,10.4,1.5,0.5,0.7,1.5,2.6,10.8,WSH,82,31.2,-1.25,1.18,-0.07,5.01,10.9,99.85,49,22.400000000000002
46,75,Evan Fournier,SG,24,32.9,6.0,13.7,0.439,1.9,5.3,0.356,4.1,8.4,0.491,0.508,3.3,4.1,0.805,0.6,2.4,3.1,3.0,1.0,0.1,2.1,2.6,17.2,ORL,68,32.9,0.07,-1.17,-1.1,2.89,8.5,99.6,23,22.3
75,76,Markieff Morris,PF,27,31.2,5.3,11.7,0.457,0.9,2.6,0.362,4.4,9.1,0.483,0.497,2.4,2.8,0.8370000000000001,1.4,5.1,6.5,1.7,1.1,0.6,1.7,3.3,14.0,WSH,76,31.2,-0.55,2.41,1.86,7.61,8.9,100.12,45,22.200000000000003
44,77,Lou Williams,SG,30,24.6,5.3,12.3,0.429,2.0,5.5,0.365,3.3,6.8,0.48,0.511,5.0,5.6,0.88,0.3,2.2,2.5,3.0,1.0,0.2,2.0,1.1,17.5,HOU/LAL,81,24.6,3.65,-1.68,1.97,6.73,13.3,103.22,34,22.2
102,78,Jonas Valanciunas,C,24,25.8,4.9,8.8,0.557,0.0,0.0,0.5,4.9,8.8,0.557,0.5579999999999999,2.2,2.7,0.8109999999999999,2.8,6.7,9.5,0.7,0.5,0.8,1.3,2.7,12.0,TOR,80,25.8,-0.74,0.75,0.01,4.06,13.6,96.61,50,22.2
76,79,Jae Crowder,SF,26,32.4,4.6,10.0,0.4629999999999999,2.2,5.5,0.3979999999999999,2.4,4.5,0.54,0.5720000000000001,2.4,3.0,0.8109999999999999,0.7,5.1,5.8,2.2,1.0,0.3,1.1,2.2,13.9,BOS,72,32.4,2.2,1.69,3.89,10.52,10.3,99.94,48,22.099999999999998
98,80,Clint Capela,C,22,23.9,5.6,8.7,0.643,0.0,0.0,,5.6,8.7,0.643,0.643,1.4,2.7,0.531,2.7,5.4,8.1,1.0,0.5,1.2,1.3,2.8,12.6,HOU,65,23.9,-1.47,1.12,-0.35,2.82,13.0,101.19,44,22.099999999999998
90,81,Robert Covington,SF,26,31.6,4.4,10.9,0.3989999999999999,2.0,6.1,0.3329999999999999,2.3,4.8,0.484,0.492,2.1,2.6,0.8220000000000001,1.4,5.1,6.5,1.5,1.9,1.0,2.0,3.0,12.9,PHI,67,31.6,-0.77,4.32,3.55,9.23,9.1,101.81,27,21.799999999999997
131,82,Mason Plumlee,C,26,26.5,4.1,7.7,0.536,0.0,0.1,0.0,4.1,7.6,0.541,0.536,2.1,3.7,0.58,2.1,5.4,7.5,3.5,0.9,1.1,1.7,2.8,10.4,DEN/POR,81,26.5,0.71,0.22,0.93,5.6,11.2,99.06,38,21.7
63,83,Khris Middleton,SF,25,30.7,5.2,11.5,0.45,1.6,3.6,0.433,3.6,7.9,0.4589999999999999,0.518,2.8,3.2,0.88,0.4,3.9,4.2,3.4,1.4,0.2,2.2,2.7,14.7,MIL,29,30.7,0.14,1.26,1.4,2.44,10.4,94.63,19,21.699999999999996
80,84,Tyler Johnson,PG,24,29.8,4.9,11.3,0.433,1.3,3.4,0.372,3.6,7.9,0.46,0.49,2.7,3.5,0.768,0.7,3.3,4.0,3.2,1.2,0.6,1.2,2.4,13.7,MIA,73,29.8,0.13,0.18,0.31,4.72,10.8,98.21,35,21.5
92,85,James Johnson,PF,29,27.4,4.8,10.1,0.479,1.1,3.4,0.34,3.7,6.8,0.5479999999999999,0.535,2.0,2.8,0.7070000000000001,0.9,4.1,4.9,3.6,1.0,1.1,2.3,2.6,12.8,MIA,76,27.4,0.42,1.94,2.36,7.31,12.0,98.7,40,21.100000000000005
68,86,Enes Kanter,C,24,21.3,5.6,10.2,0.545,0.1,0.5,0.132,5.5,9.7,0.568,0.5489999999999999,3.1,4.0,0.7859999999999999,2.7,4.0,6.7,0.9,0.4,0.5,1.7,2.1,14.3,OKC,72,21.3,0.56,-1.24,-0.68,2.4,15.4,99.17,43,21.099999999999998
78,87,Will Barton,SG,26,28.4,4.9,11.1,0.4429999999999999,1.5,3.9,0.37,3.5,7.2,0.483,0.508,2.4,3.2,0.753,1.0,3.4,4.3,3.4,0.8,0.5,1.6,1.8,13.7,DEN,60,28.4,0.05,-1.2,-1.15,2.2,10.2,100.14,31,21.099999999999998
60,88,Gary Harris,SG,22,31.3,5.6,11.2,0.502,1.9,4.5,0.42,3.7,6.7,0.5579999999999999,0.586,1.8,2.4,0.7759999999999999,0.8,2.3,3.1,2.9,1.2,0.1,1.3,1.6,14.9,DEN,57,31.3,2.88,-2.37,0.51,4.29,9.1,100.41,29,20.9
51,89,Eric Gordon,SG,28,31.0,5.5,13.5,0.406,3.3,8.8,0.372,2.2,4.7,0.4679999999999999,0.527,2.0,2.3,0.84,0.4,2.3,2.7,2.5,0.6,0.5,1.6,2.0,16.2,HOU,75,31.0,1.51,-0.48,1.03,6.36,8.2,103.07,50,20.9
104,90,Trevor Ariza,SF,31,34.7,4.1,10.0,0.409,2.4,6.9,0.344,1.7,3.0,0.556,0.528,1.2,1.6,0.738,0.7,5.1,5.7,2.2,1.8,0.3,0.9,1.7,11.7,HOU,80,34.7,0.86,1.07,1.93,9.29,8.5,102.78,53,20.8
142,91,Gorgui Dieng,PF,27,32.4,4.0,8.1,0.502,0.2,0.5,0.372,3.9,7.5,0.511,0.514,1.7,2.0,0.8140000000000001,2.3,5.6,7.9,1.9,1.1,1.2,1.3,3.1,10.0,MIN,82,32.4,-0.8,3.52,2.72,9.73,9.2,96.76,31,20.799999999999997
106,92,Greg Monroe,C,26,22.5,4.8,9.0,0.5329999999999999,0.0,0.0,0.0,4.8,8.9,0.536,0.5329999999999999,2.2,3.0,0.741,2.1,4.5,6.6,2.3,1.1,0.5,1.7,2.1,11.7,MIL,81,22.5,1.08,0.47,1.55,5.34,13.9,96.98,42,20.5
74,93,Marcus Morris,SF,27,32.5,5.3,12.7,0.418,1.5,4.5,0.331,3.8,8.2,0.466,0.477,1.8,2.3,0.784,1.0,3.7,4.6,2.0,0.7,0.3,1.1,2.1,14.0,DET,79,32.5,-0.11,0.63,0.52,5.85,8.0,97.01,36,20.5
65,94,Reggie Jackson,PG,26,27.4,5.5,13.0,0.419,1.3,3.5,0.359,4.2,9.5,0.442,0.4679999999999999,2.3,2.6,0.868,0.4,1.8,2.2,5.2,0.7,0.1,2.2,2.5,14.5,DET,52,27.4,-0.59,-2.94,-3.53,-0.36,9.2,96.85,23,20.5
107,95,Steven Adams,C,23,29.9,4.7,8.2,0.5710000000000001,0.0,0.0,0.0,4.7,8.2,0.5720000000000001,0.5710000000000001,2.0,3.2,0.611,3.5,4.2,7.7,1.1,1.1,1.0,1.8,2.4,11.3,OKC,80,29.9,-0.3,1.68,1.38,7.01,9.7,101.16,47,20.400000000000002
184,96,Tyson Chandler,C,34,27.6,3.3,4.9,0.6709999999999999,0.0,0.0,,3.3,4.9,0.6709999999999999,0.6709999999999999,1.9,2.6,0.7340000000000001,3.3,8.2,11.5,0.6,0.7,0.5,1.4,2.7,8.4,PHX,47,27.6,-1.06,2.2,1.14,3.55,13.1,101.88,15,20.3
88,97,Ersan Ilyasova,PF,29,26.1,4.7,10.9,0.431,1.7,4.9,0.353,3.0,6.0,0.496,0.511,2.0,2.5,0.778,1.4,4.5,5.9,1.7,0.7,0.3,1.4,2.6,13.1,ATL/PHI/OKC,82,26.1,0.98,0.74,1.72,6.83,10.6,101.47,35,20.3
94,98,Dario Saric,PF,22,26.3,4.7,11.4,0.411,1.3,4.2,0.311,3.4,7.2,0.469,0.4679999999999999,2.1,2.7,0.782,1.4,5.0,6.3,2.2,0.7,0.4,2.3,2.0,12.8,PHI,81,26.3,-1.25,-0.62,-1.87,1.74,10.3,101.53,28,20.099999999999998
152,99,Patrick Beverley,SG,28,30.7,3.4,8.1,0.42,1.6,4.3,0.382,1.8,3.8,0.4629999999999999,0.521,1.1,1.4,0.768,1.4,4.4,5.9,4.2,1.5,0.4,1.5,3.3,9.5,HOU,67,30.7,1.11,1.37,2.48,7.56,8.5,101.61,46,20.0
77,100,Kentavious Caldwell-Pope,SG,23,33.3,4.9,12.2,0.3989999999999999,2.0,5.8,0.35,2.9,6.5,0.442,0.481,2.0,2.4,0.8320000000000001,0.7,2.5,3.3,2.5,1.2,0.2,1.1,1.6,13.8,DET,76,33.3,0.71,-1.31,-0.6,4.02,7.8,97.61,33,19.9
95,101,Aaron Gordon,SF,21,28.7,4.9,10.8,0.4539999999999999,1.0,3.3,0.288,4.0,7.5,0.528,0.499,2.0,2.7,0.7190000000000001,1.5,3.6,5.1,1.9,0.8,0.5,1.1,2.2,12.7,ORL,80,28.7,1.25,-0.78,0.47,5.32,8.8,99.7,29,19.899999999999995
108,102,Marvin Williams,PF,30,30.2,3.9,9.3,0.422,1.6,4.7,0.35,2.3,4.6,0.494,0.51,1.7,2.0,0.873,1.2,5.4,6.6,1.4,0.8,0.7,0.8,1.8,11.2,CHA,76,30.2,-0.02,-0.07,-0.09,4.36,9.6,97.82,32,19.899999999999995
84,103,Wesley Matthews,SG,30,34.2,4.6,11.6,0.3929999999999999,2.4,6.6,0.363,2.2,5.0,0.432,0.496,2.0,2.5,0.816,0.2,3.3,3.5,2.9,1.1,0.2,1.4,2.2,13.5,DAL,73,34.2,0.09,0.11,0.2,5.06,8.1,94.04,29,19.8
118,104,Justise Winslow,SF,20,34.7,4.4,12.5,0.356,0.4,1.9,0.2,4.1,10.6,0.384,0.371,1.6,2.6,0.617,1.3,3.9,5.2,3.7,1.4,0.3,1.8,2.9,10.9,MIA,18,34.7,-4.08,0.16,-3.92,-0.31,5.9,97.53,4,19.7
141,105,Trevor Booker,PF,29,24.7,4.3,8.3,0.516,0.4,1.1,0.321,3.9,7.2,0.546,0.537,1.0,1.5,0.6729999999999999,2.0,6.0,8.0,1.9,1.1,0.4,1.8,2.1,10.0,BKN,71,24.7,-2.29,2.0,-0.29,3.3,12.7,103.12,18,19.599999999999998
62,106,Jordan Clarkson,SG,24,29.2,5.8,13.1,0.445,1.4,4.3,0.3289999999999999,4.4,8.7,0.503,0.5,1.6,2.0,0.7979999999999999,0.6,2.4,3.0,2.6,1.1,0.1,2.0,1.8,14.7,LAL,82,29.2,-0.63,-3.39,-4.02,-1.4,8.4,101.34,26,19.500000000000004
85,107,Darren Collison,PG,29,30.3,5.0,10.5,0.476,1.1,2.6,0.417,3.9,7.9,0.495,0.527,2.2,2.5,0.86,0.3,1.9,2.2,4.6,1.0,0.1,1.7,1.8,13.2,SAC,68,30.3,1.06,-1.47,-0.41,3.44,10.0,96.23,26,19.400000000000002
116,108,Thaddeus Young,PF,28,30.2,4.9,9.3,0.527,0.6,1.6,0.381,4.3,7.7,0.557,0.56,0.6,1.2,0.523,1.8,4.3,6.1,1.6,1.5,0.4,1.3,1.8,11.0,IND,74,30.2,-1.09,1.94,0.85,5.66,9.7,98.97,40,19.3
133,109,Cody Zeller,PF,24,27.8,4.1,7.1,0.5710000000000001,0.0,0.0,0.0,4.1,7.1,0.5720000000000001,0.5710000000000001,2.1,3.2,0.679,2.2,4.4,6.5,1.6,1.0,0.9,1.0,3.0,10.3,CHA,62,27.8,-0.07,3.42,3.35,6.97,9.6,97.57,33,19.3
127,110,Marcus Smart,SG,22,30.4,3.4,9.5,0.359,1.2,4.2,0.283,2.2,5.3,0.42,0.422,2.6,3.2,0.812,1.0,2.9,3.9,4.6,1.6,0.4,2.0,2.4,10.6,BOS,79,30.4,0.26,0.49,0.75,5.98,8.1,100.29,51,19.1
194,111,Tristan Thompson,C,25,29.9,3.4,5.6,0.6,0.0,0.0,0.0,3.4,5.6,0.604,0.6,1.4,2.7,0.498,3.7,5.5,9.2,1.0,0.5,1.1,0.8,2.3,8.1,CLE,78,29.9,-1.31,1.31,0.0,4.62,8.9,98.28,50,19.099999999999998
137,112,Jusuf Nurkic,C,22,21.4,4.2,8.2,0.507,0.0,0.0,0.0,4.2,8.2,0.508,0.507,1.8,3.2,0.5710000000000001,2.4,4.8,7.2,1.9,0.8,1.1,2.2,2.5,10.2,DEN/POR,65,21.4,-2.11,2.73,0.62,3.32,11.7,100.65,34,19.0
164,113,Michael Kidd-Gilchrist,SF,23,29.0,3.6,7.6,0.477,0.0,0.1,0.111,3.6,7.5,0.483,0.478,1.9,2.4,0.784,1.9,5.0,7.0,1.4,1.0,1.0,0.7,2.3,9.2,CHA,81,29.0,-1.97,2.47,0.5,5.31,9.3,97.79,36,18.9
81,114,Ryan Anderson,PF,28,29.4,4.5,10.7,0.418,2.8,7.0,0.4029999999999999,1.7,3.7,0.446,0.55,1.8,2.1,0.86,1.6,3.0,4.6,0.9,0.4,0.2,0.8,2.0,13.6,HOU,72,29.4,1.63,-0.12,1.51,6.46,7.9,101.8,50,18.899999999999995
201,115,Rajon Rondo,PG,30,26.7,3.3,8.1,0.408,0.7,1.9,0.376,2.6,6.2,0.418,0.4529999999999999,0.4,0.7,0.6,1.1,4.1,5.1,6.7,1.4,0.2,2.4,2.1,7.8,CHI,69,26.7,-1.35,-0.49,-1.84,1.51,10.6,97.96,34,18.799999999999997
105,116,Frank Kaminsky,C,23,26.1,4.3,10.7,0.3989999999999999,1.5,4.7,0.3279999999999999,2.7,6.0,0.455,0.471,1.6,2.1,0.7559999999999999,0.8,3.7,4.5,2.2,0.6,0.5,1.0,1.9,11.7,CHA,75,26.1,0.96,-0.51,0.45,4.4,8.5,98.15,31,18.5
150,117,Kenneth Faried,PF,27,21.2,3.7,6.8,0.5479999999999999,0.0,0.1,0.0,3.7,6.7,0.556,0.5479999999999999,2.1,3.1,0.693,3.0,4.6,7.6,0.9,0.7,0.7,1.0,2.0,9.6,DEN,61,21.2,-0.07,-1.55,-1.62,1.27,12.4,100.81,29,18.499999999999996
121,118,Terrence Jones,PF,25,23.5,4.3,9.1,0.47,0.4,1.4,0.253,3.9,7.7,0.508,0.489,1.9,3.1,0.606,1.2,4.5,5.7,1.1,0.7,1.0,0.9,1.2,10.8,NO/MIL,54,23.5,-1.38,-0.72,-2.1,0.84,11.0,99.53,20,18.400000000000002
70,119,Jordan Crawford,SG,28,23.3,5.5,11.5,0.482,1.9,5.0,0.389,3.6,6.5,0.5529999999999999,0.5670000000000001,1.1,1.4,0.769,0.2,1.6,1.8,3.0,0.6,0.1,1.3,1.6,14.1,NO,19,23.3,0.82,-2.48,-1.66,0.38,10.2,98.47,9,18.3
130,120,Robin Lopez,C,28,28.0,4.7,9.6,0.493,0.0,0.0,0.0,4.7,9.5,0.494,0.493,0.9,1.3,0.721,3.0,3.4,6.4,1.0,0.2,1.4,1.1,1.9,10.4,CHI,81,28.0,-2.07,0.63,-1.44,2.42,8.3,97.27,40,18.299999999999997
89,121,Sean Kilpatrick,SG,27,25.1,4.4,10.5,0.415,1.5,4.4,0.341,2.9,6.1,0.4679999999999999,0.486,2.9,3.5,0.843,0.3,3.7,4.0,2.2,0.6,0.1,1.9,1.7,13.1,BKN,70,25.1,-0.07,-2.36,-2.43,0.81,9.9,103.54,14,18.100000000000005
91,122,Seth Curry,PG,26,29.0,4.8,10.0,0.481,2.0,4.6,0.425,2.9,5.4,0.528,0.578,1.2,1.4,0.85,0.4,2.2,2.6,2.7,1.1,0.1,1.3,1.8,12.8,DAL,70,29.0,0.52,0.01,0.53,4.51,10.3,93.53,30,18.000000000000004
177,123,Al-Farouq Aminu,SF,26,29.1,3.0,7.6,0.3929999999999999,1.1,3.5,0.33,1.9,4.2,0.445,0.4679999999999999,1.6,2.2,0.706,1.3,6.1,7.4,1.6,1.0,0.7,1.5,1.7,8.7,POR,61,29.1,-1.86,3.13,1.27,4.86,9.2,98.38,33,17.900000000000002
119,124,Taj Gibson,PF,31,25.5,4.7,9.1,0.515,0.0,0.2,0.231,4.6,8.9,0.52,0.517,1.4,2.0,0.715,2.0,4.2,6.2,0.9,0.5,0.8,1.3,2.1,10.8,CHI/OKC,78,25.5,-1.76,2.02,0.26,4.29,9.7,98.39,41,17.9
126,125,Nikola Mirotic,PF,25,24.0,3.7,8.9,0.413,1.8,5.4,0.342,1.8,3.5,0.52,0.516,1.4,1.8,0.773,0.9,4.6,5.5,1.1,0.8,0.8,1.1,1.8,10.6,CHI,70,24.0,0.92,1.31,2.23,5.69,10.4,97.95,37,17.700000000000003
117,126,J.J. Barea,PG,32,22.0,4.1,9.8,0.414,1.5,4.2,0.358,2.5,5.6,0.456,0.491,1.3,1.5,0.863,0.3,2.1,2.4,5.5,0.4,0.0,1.8,0.9,10.9,DAL,35,22.0,0.15,-1.57,-1.42,0.8,13.4,95.14,11,17.4
96,127,Rodney Hood,SG,24,27.0,4.6,11.3,0.408,1.9,5.2,0.371,2.7,6.1,0.44,0.494,1.5,1.9,0.7829999999999999,0.3,3.2,3.4,1.6,0.6,0.2,1.1,2.2,12.7,UTAH,59,27.0,-0.26,-0.51,-0.77,2.23,8.6,93.25,40,17.4
103,128,Jahlil Okafor,C,21,22.7,4.8,9.4,0.514,0.0,0.0,,4.8,9.4,0.514,0.514,2.1,3.2,0.6709999999999999,1.6,3.2,4.8,1.2,0.4,1.0,1.8,2.4,11.8,PHI,50,22.7,-4.43,-1.26,-5.69,-1.85,9.7,98.93,15,17.4
79,129,Bojan Bogdanovic,SF,27,25.7,4.6,10.4,0.445,1.8,4.8,0.367,2.9,5.6,0.512,0.53,2.7,3.0,0.893,0.5,3.0,3.4,1.4,0.4,0.1,1.6,1.8,13.7,BKN/WSH,81,25.7,-0.46,-3.42,-3.88,-1.04,9.1,102.76,23,17.399999999999995
115,130,Deron Williams,PG,32,25.9,4.1,9.4,0.4379999999999999,1.3,3.7,0.363,2.8,5.7,0.486,0.509,1.4,1.7,0.826,0.2,2.1,2.3,5.6,0.5,0.1,2.2,2.2,11.0,CLE/DAL,64,25.9,0.69,-0.91,-0.22,2.95,10.0,94.28,25,17.3
158,131,Ish Smith,PG,28,24.1,4.1,9.2,0.439,0.3,1.3,0.267,3.7,8.0,0.467,0.4579999999999999,0.9,1.3,0.706,0.3,2.6,2.9,5.2,0.8,0.4,1.4,1.6,9.4,DET,81,24.1,0.28,0.25,0.53,4.48,10.7,97.62,37,17.3
153,132,Derrick Favors,PF,25,23.7,4.1,8.3,0.487,0.1,0.2,0.3,4.0,8.1,0.491,0.49,1.3,2.2,0.615,1.8,4.3,6.1,1.1,0.9,0.8,1.2,2.1,9.5,UTAH,50,23.7,-2.76,2.06,-0.7,1.73,10.8,92.72,33,17.2
122,133,Courtney Lee,SG,31,31.9,4.2,9.1,0.456,1.4,3.5,0.401,2.8,5.6,0.49,0.5329999999999999,1.1,1.3,0.867,0.7,2.7,3.4,2.3,1.1,0.3,0.9,1.8,10.8,NY,77,31.9,0.58,-1.51,-0.93,3.4,7.7,97.86,29,17.000000000000004
134,134,Malcolm Brogdon,SG,24,26.4,3.9,8.5,0.457,1.0,2.6,0.4039999999999999,2.8,5.9,0.48,0.518,1.5,1.7,0.865,0.6,2.2,2.8,4.2,1.1,0.2,1.5,1.9,10.2,MIL,75,26.4,1.86,-0.42,1.44,5.66,9.8,96.37,38,17.0
148,135,Richaun Holmes,C,23,20.9,4.0,7.2,0.5579999999999999,0.5,1.4,0.351,3.6,5.9,0.606,0.591,1.3,1.8,0.6990000000000001,1.6,3.8,5.5,1.0,0.7,1.0,1.0,2.4,9.8,PHI,57,20.9,-0.32,-0.18,-0.5,2.01,11.6,100.79,16,17.0
136,136,Jon Leuer,PF,27,25.9,4.1,8.6,0.48,0.7,2.2,0.293,3.5,6.4,0.545,0.518,1.3,1.5,0.867,1.4,4.0,5.4,1.5,0.4,0.3,0.9,1.9,10.2,DET,75,25.9,-1.43,0.58,-0.85,2.78,10.0,97.11,34,16.900000000000002
175,137,JaMychal Green,PF,26,27.3,3.2,6.5,0.5,0.7,1.9,0.379,2.5,4.6,0.5489999999999999,0.555,1.7,2.2,0.802,2.2,4.9,7.1,1.1,0.6,0.4,1.2,3.2,8.9,MEM,77,27.3,-0.41,0.39,-0.02,3.94,9.3,94.31,40,16.900000000000002
179,138,Nerlens Noel,C,22,20.5,3.6,6.1,0.595,0.0,0.0,0.0,3.6,6.0,0.597,0.595,1.5,2.2,0.6940000000000001,1.8,3.9,5.8,1.0,1.3,1.0,1.0,2.5,8.7,DAL/PHI,51,20.5,-1.33,2.58,1.25,2.95,12.7,98.69,24,16.8
113,139,Emmanuel Mudiay,PG,20,25.6,3.8,10.0,0.377,1.0,3.2,0.315,2.8,6.8,0.408,0.428,2.4,3.0,0.784,0.5,2.7,3.2,3.9,0.7,0.2,2.2,1.7,11.0,DEN,55,25.6,-1.52,-2.38,-3.9,-0.71,7.4,101.93,25,16.799999999999997
111,140,Kent Bazemore,SF,27,26.9,4.0,9.9,0.409,1.3,3.6,0.346,2.8,6.2,0.446,0.473,1.6,2.3,0.708,0.6,2.5,3.2,2.4,1.2,0.7,1.7,2.3,11.0,ATL,73,26.9,-0.69,-0.5,-1.19,2.41,7.4,100.37,39,16.799999999999997
178,141,Rondae Hollis-Jefferson,SF,22,22.6,3.0,6.9,0.434,0.2,0.9,0.2239999999999999,2.8,6.1,0.4629999999999999,0.447,2.4,3.2,0.7509999999999999,1.2,4.6,5.8,2.0,1.1,0.6,1.5,2.3,8.7,BKN,78,22.6,-2.16,1.78,-0.38,3.29,9.8,104.94,19,16.700000000000003
87,142,Nick Young,SG,31,25.9,4.5,10.6,0.43,2.8,7.0,0.4039999999999999,1.7,3.5,0.481,0.564,1.3,1.5,0.856,0.4,1.9,2.3,1.0,0.6,0.2,0.6,2.3,13.2,LAL,60,25.9,2.28,-1.63,0.65,3.82,7.5,100.59,19,16.7
145,143,Ty Lawson,PG,29,25.1,3.4,7.6,0.4539999999999999,0.5,1.7,0.288,2.9,5.9,0.502,0.487,2.5,3.1,0.797,0.6,2.0,2.6,4.8,1.1,0.1,1.9,1.7,9.9,SAC,69,25.1,0.49,-1.21,-0.72,2.63,10.6,98.33,25,16.600000000000005
166,144,Tony Allen,SG,35,27.0,3.9,8.4,0.461,0.2,0.8,0.278,3.6,7.6,0.479,0.473,1.1,1.8,0.615,2.3,3.2,5.5,1.4,1.6,0.4,1.4,2.5,9.1,MEM,71,27.0,-2.03,2.15,0.12,3.76,8.0,93.85,36,16.6
124,145,Alex Poythress,PF,23,26.2,4.2,9.0,0.4629999999999999,1.0,3.2,0.316,3.2,5.8,0.5429999999999999,0.519,1.3,1.7,0.8,1.8,3.0,4.8,0.8,0.5,0.3,0.5,2.3,10.7,PHI,6,26.2,-1.91,-0.47,-2.38,0.07,7.9,99.21,0,16.6
138,146,Josh Richardson,SG,23,30.5,3.8,9.7,0.3939999999999999,1.4,4.3,0.33,2.4,5.4,0.444,0.467,1.1,1.5,0.779,0.7,2.5,3.2,2.6,1.1,0.7,1.2,2.5,10.2,MIA,53,30.5,-1.63,0.06,-1.57,1.57,6.9,97.52,23,16.599999999999998
229,147,T.J. McConnell,PG,24,26.3,2.9,6.3,0.461,0.1,0.7,0.2,2.8,5.6,0.492,0.472,0.9,1.1,0.8109999999999999,0.5,2.6,3.1,6.6,1.7,0.1,2.0,1.7,6.9,PHI,81,26.3,-1.32,0.23,-1.09,2.86,10.7,102.22,27,16.400000000000002
144,148,Maurice Harkless,SF,23,28.9,4.1,8.1,0.503,0.9,2.5,0.351,3.2,5.6,0.5720000000000001,0.5579999999999999,1.0,1.6,0.621,1.6,2.8,4.4,1.1,1.1,0.9,1.1,2.8,10.0,POR,77,28.9,0.38,0.49,0.87,5.67,6.9,99.45,38,16.4
132,149,Tyreke Evans,SF,27,19.7,3.8,9.3,0.405,1.1,3.0,0.356,2.7,6.3,0.429,0.462,1.7,2.3,0.75,0.3,3.1,3.4,3.1,0.9,0.2,1.5,1.5,10.3,NO/SAC,40,19.7,-1.52,0.02,-1.5,0.81,11.8,98.53,17,16.4
110,150,Jerryd Bayless,PG,28,23.7,3.7,10.7,0.344,0.7,1.7,0.4,3.0,9.0,0.3329999999999999,0.375,3.0,3.3,0.9,1.0,3.0,4.0,4.3,0.0,0.0,3.0,1.3,11.0,PHI,3,23.7,-2.23,-0.47,-2.7,0.02,9.7,97.84,1,16.3
188,151,Willy Hernangomez,C,22,18.4,3.4,6.5,0.529,0.1,0.2,0.267,3.4,6.3,0.5379999999999999,0.5329999999999999,1.3,1.7,0.728,2.4,4.6,7.0,1.3,0.6,0.5,1.4,2.1,8.2,NY,72,18.4,-0.75,0.4,-0.35,2.37,13.3,99.12,27,16.200000000000003
312,152,Joakim Noah,C,31,22.1,2.2,4.4,0.49,0.0,0.0,0.0,2.2,4.4,0.493,0.49,0.7,1.7,0.436,3.5,5.2,8.8,2.2,0.7,0.8,1.3,2.8,5.0,NY,46,22.1,-2.23,1.17,-1.06,1.32,9.4,98.45,17,16.2
101,153,Austin Rivers,SG,24,27.8,4.4,9.9,0.442,1.5,4.0,0.371,2.9,5.8,0.491,0.518,1.8,2.6,0.691,0.3,1.9,2.2,2.8,0.6,0.1,1.6,2.5,12.0,LAC,74,27.8,-0.17,-1.73,-1.9,1.62,6.9,98.18,43,16.1
165,154,Jameer Nelson,PG,34,27.3,3.6,8.1,0.444,1.4,3.6,0.3879999999999999,2.2,4.4,0.489,0.531,0.6,0.8,0.7140000000000001,0.4,2.2,2.6,5.1,0.7,0.1,1.7,2.6,9.2,DEN,75,27.3,0.45,-0.44,0.01,4.17,7.5,100.06,34,16.0
100,155,Jamal Crawford,SG,36,26.3,4.4,10.6,0.413,1.4,3.9,0.36,3.0,6.7,0.4429999999999999,0.479,2.1,2.5,0.857,0.2,1.4,1.6,2.6,0.7,0.2,1.6,1.4,12.3,LAC,82,26.3,-0.06,-3.18,-3.24,-0.16,7.9,98.53,51,15.799999999999999
196,156,Alex Len,C,23,20.3,3.0,6.0,0.497,0.0,0.2,0.25,2.9,5.9,0.503,0.5,1.9,2.7,0.721,2.0,4.6,6.6,0.6,0.5,1.3,1.3,3.1,8.0,PHX,77,20.3,-3.62,1.28,-2.34,0.81,9.5,103.52,21,15.7
206,157,Andre Iguodala,SF,33,26.3,2.9,5.5,0.528,0.8,2.3,0.362,2.0,3.1,0.6509999999999999,0.605,0.9,1.3,0.706,0.7,3.3,4.0,3.4,1.0,0.5,0.8,1.3,7.6,GS,76,26.3,2.01,1.52,3.53,8.72,10.2,101.92,64,15.7
173,158,Evan Turner,SF,28,25.5,3.6,8.5,0.426,0.5,1.8,0.263,3.1,6.7,0.47,0.4539999999999999,1.3,1.6,0.825,0.6,3.2,3.8,3.2,0.8,0.4,1.5,1.9,9.0,POR,65,25.5,-3.04,0.15,-2.89,0.25,8.8,99.29,34,15.7
143,159,Yogi Ferrell,PG,23,26.0,3.5,8.6,0.406,1.5,3.8,0.386,2.0,4.7,0.422,0.492,1.6,1.9,0.831,0.4,2.0,2.4,3.7,0.9,0.2,1.5,2.0,10.0,DAL/BKN,46,26.0,-0.99,-1.21,-2.2,0.39,8.4,95.91,18,15.7
224,160,Larry Nance Jr.,PF,24,22.9,3.0,5.7,0.526,0.2,0.6,0.278,2.9,5.2,0.5539999999999999,0.54,0.9,1.3,0.738,1.9,4.0,5.9,1.5,1.3,0.6,0.9,2.4,7.1,LAL,63,22.9,-1.26,2.16,0.9,3.79,10.1,101.0,21,15.500000000000002
172,161,Kelly Olynyk,C,25,20.5,3.5,6.8,0.512,0.9,2.6,0.354,2.6,4.2,0.608,0.579,1.2,1.6,0.732,1.0,3.8,4.8,2.0,0.6,0.4,1.3,2.8,9.0,BOS,75,20.5,-0.31,0.81,0.5,3.54,11.0,99.85,49,15.5
140,162,Tony Parker,PG,34,25.2,4.2,9.0,0.466,0.4,1.1,0.3329999999999999,3.8,7.9,0.484,0.486,1.3,1.9,0.726,0.1,1.7,1.8,4.5,0.5,0.0,1.4,1.5,10.1,SA,63,25.2,-0.69,-0.97,-1.66,1.42,9.3,93.94,46,15.499999999999998
149,163,Jeremy Lamb,SG,24,18.4,3.6,7.9,0.46,0.7,2.4,0.281,3.0,5.6,0.536,0.502,1.8,2.1,0.853,0.5,3.8,4.3,1.2,0.4,0.4,0.6,1.6,9.7,CHA,62,18.4,0.04,-1.32,-1.28,1.31,12.4,95.9,27,15.4
114,164,Terrence Ross,SF,25,25.1,4.2,9.6,0.437,1.8,5.0,0.363,2.4,4.6,0.518,0.532,0.8,1.0,0.831,0.2,2.4,2.6,1.1,1.1,0.4,0.9,1.8,11.0,ORL/TOR,78,25.1,1.36,-1.23,0.13,4.06,7.8,99.82,39,15.299999999999999
157,165,Brandon Ingram,SF,19,28.8,3.5,8.7,0.402,0.7,2.4,0.294,2.8,6.3,0.4429999999999999,0.442,1.7,2.7,0.621,0.8,3.2,4.0,2.1,0.6,0.5,1.5,2.0,9.4,LAL,79,28.8,-1.76,-2.93,-4.69,-2.32,5.5,100.45,26,15.100000000000001
159,166,Cory Joseph,PG,25,25.0,3.7,8.3,0.452,0.6,1.7,0.356,3.1,6.6,0.477,0.489,1.2,1.5,0.77,0.6,2.3,2.9,3.3,0.8,0.2,1.4,1.8,9.3,TOR,80,25.0,-0.5,-1.94,-2.44,0.86,8.9,97.43,49,15.1
123,167,Allen Crabbe,SG,24,28.5,3.8,8.2,0.4679999999999999,1.7,3.8,0.444,2.1,4.4,0.49,0.5720000000000001,1.3,1.6,0.847,0.2,2.6,2.9,1.2,0.7,0.3,0.8,2.2,10.7,POR,79,28.5,0.22,-2.87,-2.65,0.68,7.4,99.95,39,14.999999999999998
125,168,Buddy Hield,SG,23,23.0,4.0,9.4,0.426,1.8,4.6,0.391,2.2,4.7,0.461,0.523,0.8,0.9,0.8420000000000001,0.4,2.9,3.3,1.5,0.5,0.1,1.2,1.4,10.6,NO/SAC,82,23.0,-0.92,-2.28,-3.2,-0.09,8.4,98.9,31,14.799999999999999
128,169,Marco Belinelli,SG,30,24.0,3.6,8.3,0.429,1.4,3.8,0.36,2.2,4.5,0.488,0.512,2.0,2.3,0.893,0.2,2.2,2.4,2.0,0.6,0.1,0.9,1.2,10.5,CHA,74,24.0,0.67,-1.87,-1.2,2.15,8.8,97.98,34,14.7
205,170,Luol Deng,SF,31,26.5,2.9,7.6,0.387,0.9,2.9,0.309,2.0,4.6,0.436,0.447,0.8,1.1,0.73,1.1,4.1,5.3,1.3,0.9,0.4,0.8,1.1,7.6,LAL,56,26.5,-1.87,1.54,-0.33,2.69,7.7,100.3,18,14.7
112,171,Brandon Knight,SG,25,21.1,3.9,9.7,0.3979999999999999,0.8,2.6,0.324,3.0,7.1,0.425,0.441,2.4,2.9,0.857,0.5,1.7,2.2,2.4,0.5,0.1,1.6,1.6,11.0,PHX,54,21.1,-2.24,-3.08,-5.32,-1.63,8.8,102.73,16,14.600000000000003
212,172,Alan Williams,C,24,15.1,2.9,5.7,0.517,0.0,0.0,0.0,2.9,5.7,0.519,0.517,1.5,2.4,0.625,2.0,4.2,6.2,0.5,0.6,0.7,0.8,2.7,7.4,PHX,47,15.1,-0.94,1.49,0.55,1.75,12.7,102.8,11,14.6
220,173,Matt Barnes,SF,36,24.0,2.5,6.4,0.391,1.2,3.6,0.331,1.3,2.8,0.467,0.483,0.9,1.2,0.787,0.9,4.2,5.2,2.6,0.6,0.4,1.4,2.5,7.1,GS/SAC,74,24.0,-1.18,-0.09,-1.27,2.07,8.1,97.99,38,14.5
227,174,Josh Huestis,PF,25,15.5,3.0,5.5,0.545,1.0,2.0,0.5,2.0,3.5,0.5710000000000001,0.636,0.0,0.5,0.0,2.0,2.5,4.5,1.5,0.0,1.5,0.0,0.0,7.0,OKC,2,15.5,-1.97,0.83,-1.14,0.04,13.7,108.61,0,14.5
160,175,Marquese Chriss,PF,19,21.3,3.5,7.7,0.449,0.9,2.7,0.321,2.6,5.0,0.52,0.506,1.4,2.2,0.624,1.2,3.1,4.2,0.7,0.8,0.9,1.3,3.2,9.2,PHX,82,21.3,-1.96,-1.82,-3.78,-0.76,6.3,103.56,24,14.499999999999998
217,176,Thabo Sefolosha,SF,32,25.7,2.8,6.4,0.441,0.7,1.9,0.342,2.1,4.4,0.484,0.492,0.9,1.2,0.733,0.9,3.5,4.4,1.7,1.5,0.5,0.9,1.6,7.2,ATL,62,25.7,-1.93,2.27,0.34,3.55,8.6,99.53,32,14.4
221,177,Tim Frazier,PG,26,23.5,2.5,6.2,0.4029999999999999,0.6,2.0,0.313,1.9,4.2,0.446,0.4529999999999999,1.5,2.0,0.76,0.5,2.1,2.7,5.2,0.9,0.1,1.6,2.0,7.1,NO,65,23.5,-0.73,-1.67,-2.4,0.7,8.4,99.84,26,14.4
174,178,DeMarre Carroll,SF,30,26.1,3.1,7.6,0.4,1.5,4.4,0.341,1.5,3.2,0.483,0.499,1.2,1.6,0.7609999999999999,0.9,2.9,3.8,1.0,1.1,0.4,0.8,2.0,8.9,TOR,72,26.1,0.0,0.83,0.83,4.66,7.1,96.82,44,14.399999999999999
215,179,David Lee,PF,33,18.7,3.1,5.3,0.59,0.0,0.0,,3.1,5.3,0.59,0.59,1.0,1.4,0.708,1.9,3.7,5.6,1.6,0.4,0.5,1.0,1.6,7.3,SA,79,18.7,-0.38,1.5,1.12,3.98,12.6,98.36,58,14.399999999999999
176,180,Skal Labissiere,PF,20,18.5,3.5,6.6,0.537,0.1,0.2,0.375,3.5,6.4,0.5429999999999999,0.544,1.6,2.2,0.703,1.5,3.4,4.9,0.8,0.5,0.4,1.1,1.9,8.8,SAC,33,18.5,-1.93,-0.04,-1.97,0.45,10.6,97.78,9,14.300000000000002
154,181,Patty Mills,PG,28,21.9,3.4,7.8,0.44,1.8,4.4,0.414,1.6,3.3,0.474,0.5579999999999999,0.8,1.0,0.825,0.3,1.5,1.8,3.5,0.8,0.0,1.3,1.4,9.5,SA,80,21.9,2.53,-1.26,1.27,4.86,10.0,98.97,60,14.3
139,182,Kyle Korver,SG,35,26.2,3.6,7.7,0.4639999999999999,2.4,5.4,0.451,1.1,2.3,0.494,0.621,0.6,0.6,0.905,0.1,2.7,2.8,1.6,0.5,0.3,1.0,1.6,10.1,ATL/CLE,67,26.2,-0.15,-2.61,-2.76,0.41,8.1,100.0,33,14.299999999999999
244,183,Andre Roberson,SF,25,30.1,2.7,5.9,0.4639999999999999,0.6,2.3,0.245,2.2,3.5,0.609,0.513,0.6,1.4,0.423,1.2,3.9,5.1,1.0,1.2,1.0,0.6,2.6,6.6,OKC,79,30.1,-1.4,2.64,1.24,6.73,5.9,101.08,46,14.299999999999999
254,184,Kyle O'Quinn,C,26,15.6,2.7,5.2,0.521,0.0,0.2,0.118,2.7,5.0,0.5379999999999999,0.523,0.8,1.1,0.7709999999999999,2.0,3.6,5.6,1.5,0.5,1.3,1.0,2.2,6.3,NY,79,15.6,-1.28,1.16,-0.12,2.31,13.2,97.82,29,14.2
181,185,Monta Ellis,SG,31,27.0,3.3,7.5,0.4429999999999999,0.6,1.8,0.319,2.8,5.7,0.483,0.482,1.3,1.7,0.727,0.3,2.5,2.8,3.2,1.1,0.4,1.8,2.0,8.5,IND,74,27.0,-1.32,-1.64,-2.96,0.21,6.9,98.1,39,14.2
151,186,E'Twaun Moore,SG,27,24.9,3.9,8.5,0.457,1.1,2.8,0.37,2.8,5.6,0.501,0.519,0.8,1.0,0.77,0.5,1.6,2.1,2.2,0.7,0.4,0.8,1.8,9.6,NO,73,24.9,-0.24,-1.58,-1.82,1.5,7.3,100.16,32,14.199999999999998
168,187,Montrezl Harrell,C,23,18.3,3.9,5.9,0.652,0.0,0.1,0.143,3.9,5.8,0.6629999999999999,0.654,1.3,2.1,0.628,1.4,2.4,3.8,1.1,0.3,0.7,0.8,2.2,9.1,HOU,58,18.3,-0.39,-0.6,-0.99,1.5,10.8,102.52,39,14.199999999999998
270,188,Bismack Biyombo,C,24,22.1,2.2,4.2,0.528,0.0,0.0,,2.2,4.2,0.528,0.528,1.5,2.9,0.534,1.9,5.1,7.0,0.9,0.3,1.1,1.2,2.5,6.0,ORL,81,22.1,-3.33,0.77,-2.56,0.63,8.7,96.83,29,14.100000000000001
155,189,Nik Stauskas,SG,23,27.4,3.1,7.9,0.396,1.7,4.5,0.368,1.5,3.4,0.433,0.5,1.5,1.9,0.813,0.3,2.6,2.8,2.4,0.6,0.4,1.6,1.8,9.5,PHI,80,27.4,-0.32,-2.25,-2.57,0.78,6.7,100.28,27,14.100000000000001
147,190,Jamal Murray,SG,19,21.5,3.6,8.9,0.4039999999999999,1.4,4.2,0.3339999999999999,2.2,4.7,0.466,0.483,1.3,1.5,0.883,0.5,2.1,2.6,2.1,0.6,0.3,1.4,1.5,9.9,DEN,82,21.5,0.06,-1.57,-1.51,1.86,7.8,101.15,40,14.1
191,191,Willie Cauley-Stein,C,23,18.9,3.4,6.4,0.53,0.0,0.0,0.0,3.4,6.4,0.532,0.53,1.3,2.0,0.669,1.1,3.4,4.5,1.1,0.7,0.6,0.9,2.0,8.1,SAC,75,18.9,-2.07,0.9,-1.17,1.72,10.6,96.91,29,14.099999999999998
200,192,Sergio Rodriguez,PG,30,22.3,3.1,7.9,0.392,1.4,3.7,0.365,1.7,4.2,0.415,0.478,0.3,0.4,0.667,0.3,2.0,2.3,5.1,0.7,0.1,1.9,1.4,7.8,PHI,68,22.3,-0.66,-2.11,-2.77,0.35,9.4,99.81,24,14.099999999999998
267,193,Zaza Pachulia,C,32,18.1,2.3,4.4,0.534,0.0,0.0,0.0,2.3,4.4,0.5379999999999999,0.534,1.4,1.8,0.778,2.0,3.9,5.9,1.9,0.8,0.5,1.2,2.4,6.1,GS,70,18.1,-0.31,3.23,2.92,5.12,10.0,102.91,58,14.000000000000002
180,194,Marreese Speights,C,29,15.7,3.0,6.7,0.445,1.3,3.4,0.372,1.7,3.3,0.52,0.539,1.5,1.7,0.8759999999999999,1.1,3.5,4.5,0.8,0.3,0.5,0.8,2.8,8.7,LAC,82,15.7,0.67,0.69,1.36,3.66,11.4,97.43,51,14.0
129,195,Wayne Ellington,SG,29,24.2,3.7,9.0,0.416,2.4,6.4,0.3779999999999999,1.3,2.6,0.509,0.55,0.6,0.7,0.86,0.3,1.8,2.1,1.1,0.6,0.1,0.5,1.1,10.5,MIA,62,24.2,2.26,-1.6,0.66,3.58,8.2,97.3,35,13.899999999999999
190,196,Shawn Long,C,24,13.0,3.4,6.1,0.56,0.4,1.1,0.368,3.0,5.0,0.6,0.5920000000000001,1.1,1.9,0.5429999999999999,2.3,2.4,4.7,0.7,0.5,0.5,0.7,2.7,8.2,PHI,18,13.0,-0.31,0.3,-0.01,0.47,12.8,101.37,5,13.899999999999999
163,197,Joe Johnson,SF,35,23.6,3.5,8.0,0.436,1.4,3.3,0.411,2.1,4.7,0.4539999999999999,0.521,0.8,1.0,0.818,0.4,2.7,3.1,1.8,0.5,0.2,0.9,1.2,9.2,UTAH,78,23.6,0.79,-1.56,-0.77,2.58,9.5,93.26,47,13.899999999999999
167,198,Channing Frye,C,33,18.9,3.2,7.0,0.4579999999999999,1.9,4.5,0.409,1.4,2.5,0.546,0.589,0.9,1.0,0.851,0.5,3.4,3.9,0.6,0.4,0.5,0.7,1.9,9.1,CLE,74,18.9,1.62,-0.58,1.04,3.7,10.1,98.14,44,13.8
232,199,John Henson,C,26,19.4,2.7,5.3,0.515,0.0,0.0,0.0,2.7,5.3,0.516,0.515,1.3,1.8,0.6920000000000001,1.6,3.5,5.1,1.0,0.5,1.3,0.9,2.6,6.8,MIL,58,19.4,-3.42,1.79,-1.63,1.05,9.2,96.69,26,13.799999999999999
202,200,Garrett Temple,SG,30,26.6,2.8,6.6,0.424,1.3,3.4,0.373,1.6,3.3,0.476,0.519,0.9,1.1,0.784,0.5,2.3,2.8,2.6,1.3,0.4,1.2,2.2,7.8,SAC,65,26.6,-0.14,-0.46,-0.6,2.67,7.1,97.51,25,13.700000000000001
223,201,Brandon Jennings,PG,27,22.2,2.4,6.6,0.359,1.0,3.1,0.313,1.4,3.5,0.3989999999999999,0.433,1.4,1.9,0.75,0.4,2.1,2.4,4.9,0.9,0.0,1.6,1.4,7.1,NY/WSH,81,22.2,0.25,-1.5,-1.25,2.15,8.9,99.85,37,13.700000000000001
156,202,Michael Beasley,PF,28,16.7,3.9,7.3,0.532,0.3,0.8,0.419,3.5,6.5,0.545,0.5539999999999999,1.4,1.9,0.743,0.7,2.7,3.4,0.9,0.5,0.5,1.2,1.6,9.4,MIL,56,16.7,-1.7,-0.61,-2.31,0.48,11.6,97.91,23,13.500000000000002
195,203,Vince Carter,SF,40,24.6,2.6,6.7,0.3939999999999999,1.5,4.1,0.3779999999999999,1.1,2.7,0.418,0.508,1.2,1.6,0.765,0.5,2.6,3.1,1.8,0.8,0.5,0.7,2.2,8.0,MEM,73,24.7,1.36,-0.06,1.3,4.81,7.8,95.02,36,13.500000000000002
189,204,Caris LeVert,SF,22,21.7,3.0,6.7,0.45,1.0,3.2,0.321,2.0,3.4,0.5710000000000001,0.528,1.2,1.6,0.72,0.4,2.9,3.3,1.9,0.9,0.1,1.0,1.6,8.2,BKN,57,21.7,-0.46,-0.84,-1.3,1.53,8.6,104.52,15,13.4
247,205,Amir Johnson,PF,29,20.1,2.7,4.6,0.5760000000000001,0.3,0.8,0.409,2.3,3.8,0.612,0.612,0.8,1.3,0.67,1.5,3.1,4.6,1.8,0.6,0.8,1.0,2.6,6.5,BOS,80,20.1,0.22,3.58,3.8,7.02,9.1,97.94,51,13.3
243,206,Kosta Koufos,C,27,20.0,3.0,5.5,0.551,0.0,0.0,0.0,3.0,5.5,0.552,0.551,0.5,0.9,0.613,1.7,4.0,5.7,0.7,0.5,0.7,0.9,2.4,6.6,SAC,71,20.0,-2.78,2.83,0.05,2.79,9.3,96.17,27,13.299999999999999
162,207,Gerald Henderson,SG,29,23.2,3.3,7.7,0.423,0.8,2.4,0.353,2.4,5.3,0.455,0.478,1.8,2.3,0.8059999999999999,0.5,2.1,2.6,1.6,0.6,0.2,0.9,1.8,9.2,PHI,72,23.2,-1.51,-2.42,-3.93,-0.87,7.3,100.88,24,13.299999999999997
192,208,Al Jefferson,C,32,14.1,3.6,7.1,0.499,0.0,0.0,0.0,3.6,7.1,0.5,0.499,1.0,1.3,0.765,1.1,3.1,4.2,0.9,0.3,0.2,0.5,1.9,8.1,IND,66,14.1,-1.0,-0.45,-1.45,0.98,13.3,96.89,33,13.200000000000001
213,209,Spencer Dinwiddie,PG,23,22.6,2.3,5.1,0.444,0.6,1.7,0.376,1.6,3.4,0.478,0.507,2.1,2.7,0.792,0.5,2.3,2.8,3.1,0.7,0.4,1.1,2.0,7.3,BKN,59,22.6,-0.8,0.31,-0.49,2.29,8.7,101.2,13,13.2
214,210,Danny Green,SG,29,26.6,2.6,6.6,0.392,1.7,4.6,0.379,0.9,2.0,0.42,0.523,0.4,0.5,0.8440000000000001,0.5,2.8,3.3,1.8,1.0,0.8,1.1,1.8,7.3,SA,68,26.6,-0.45,1.71,1.26,4.83,6.9,94.47,51,13.100000000000001
204,211,Matthew Dellavedova,PG,26,26.1,2.7,7.0,0.39,1.0,2.8,0.367,1.7,4.2,0.4039999999999999,0.4629999999999999,1.1,1.3,0.8540000000000001,0.3,1.6,1.9,4.7,0.7,0.0,1.8,2.0,7.6,MIL,76,26.1,-0.88,-1.01,-1.89,1.54,6.6,97.5,39,13.099999999999998
161,212,Jeff Green,PF,30,22.2,3.2,8.1,0.3939999999999999,0.8,2.8,0.275,2.4,5.3,0.4579999999999999,0.442,2.1,2.4,0.863,0.6,2.5,3.1,1.2,0.5,0.2,1.1,1.5,9.2,ORL,69,22.2,-2.03,-1.31,-3.34,-0.21,7.7,98.84,26,13.099999999999998
209,213,Ivica Zubac,C,19,16.0,3.3,6.3,0.529,0.0,0.1,0.0,3.3,6.2,0.536,0.529,0.8,1.3,0.653,1.1,3.1,4.2,0.8,0.4,0.9,0.8,1.7,7.5,LAL,38,16.0,-3.04,-0.26,-3.3,-0.07,10.0,102.85,8,13.0
222,214,Joe Ingles,SF,29,24.0,2.5,5.5,0.452,1.5,3.4,0.441,1.0,2.1,0.471,0.589,0.6,0.8,0.735,0.3,2.9,3.2,2.7,1.2,0.1,1.3,2.0,7.1,UTAH,82,24.0,2.29,0.26,2.55,6.68,8.9,94.04,51,12.999999999999998
182,215,Tony Snell,SG,25,29.2,3.1,6.8,0.455,1.8,4.4,0.406,1.3,2.3,0.5479999999999999,0.588,0.6,0.7,0.81,0.3,2.8,3.1,1.2,0.7,0.2,0.7,1.6,8.5,MIL,80,29.2,-0.02,-0.85,-0.87,3.29,6.5,96.85,42,12.999999999999998
226,216,Solomon Hill,SF,25,29.7,2.3,6.0,0.3829999999999999,1.2,3.4,0.348,1.1,2.6,0.428,0.481,1.3,1.6,0.805,0.6,3.2,3.8,1.8,0.9,0.4,1.0,2.3,7.0,NO,80,29.7,-1.06,1.49,0.43,5.4,5.3,100.61,34,12.900000000000002
233,217,Patrick Patterson,PF,27,24.6,2.4,5.9,0.401,1.4,3.9,0.372,0.9,2.0,0.4579999999999999,0.523,0.7,0.9,0.7170000000000001,1.0,3.6,4.5,1.2,0.6,0.4,0.6,1.8,6.8,TOR,65,24.6,1.05,1.26,2.31,5.4,7.5,97.3,42,12.9
146,218,Shabazz Muhammad,SF,24,19.4,3.7,7.7,0.482,0.6,1.9,0.3379999999999999,3.1,5.8,0.528,0.523,1.9,2.4,0.774,1.1,1.7,2.8,0.4,0.3,0.1,0.7,1.1,9.9,MIN,78,19.4,-0.56,-3.19,-3.75,-0.6,9.4,97.93,29,12.8
210,219,Timofey Mozgov,C,30,20.4,3.1,6.1,0.515,0.0,0.0,0.0,3.1,6.1,0.517,0.515,1.2,1.4,0.8079999999999999,1.9,3.0,4.9,0.8,0.3,0.6,1.3,2.5,7.4,LAL,54,20.4,-4.02,0.93,-3.09,0.03,7.2,99.38,16,12.700000000000001
302,220,Dewayne Dedmon,C,27,17.5,2.1,3.4,0.622,0.0,0.0,,2.1,3.4,0.622,0.622,0.9,1.2,0.6990000000000001,1.7,4.8,6.5,0.6,0.5,0.8,0.8,2.4,5.1,SA,76,17.5,-1.63,3.94,2.31,4.49,12.4,95.97,55,12.7
378,221,Andrew Bogut,C,32,21.6,1.4,3.0,0.469,0.0,0.0,0.0,1.4,3.0,0.475,0.469,0.1,0.4,0.273,2.1,6.0,8.1,1.8,0.5,0.9,1.6,3.2,2.9,CLE/DAL,27,21.6,-4.01,4.34,0.33,1.2,9.2,93.14,8,12.600000000000001
169,222,Jodie Meeks,SG,29,20.5,2.9,7.1,0.402,1.6,3.8,0.409,1.3,3.3,0.395,0.512,1.8,2.1,0.878,0.1,2.0,2.1,1.3,0.9,0.1,1.0,1.1,9.1,ORL,36,20.5,-0.05,-1.6,-1.65,0.7,8.1,100.24,14,12.5
207,223,Manu Ginobili,SG,39,18.7,2.5,6.4,0.39,1.3,3.3,0.392,1.2,3.1,0.387,0.491,1.2,1.6,0.804,0.4,1.9,2.3,2.7,1.2,0.2,1.4,1.7,7.5,SA,69,18.7,1.43,1.0,2.43,4.64,8.7,100.94,51,12.499999999999998
228,224,Justin Hamilton,C,26,18.4,2.7,5.9,0.4589999999999999,0.9,2.8,0.306,1.9,3.1,0.598,0.532,0.6,0.8,0.75,1.1,3.0,4.1,0.9,0.5,0.7,0.7,1.4,6.9,BKN,64,18.4,-1.64,-0.42,-2.06,0.84,9.2,103.44,14,12.4
241,225,Michael Carter-Williams,PG,25,18.8,2.5,6.8,0.366,0.3,1.4,0.2339999999999999,2.2,5.4,0.401,0.391,1.3,1.7,0.753,0.5,2.9,3.4,2.5,0.8,0.5,1.5,2.3,6.6,CHI,45,18.8,-2.82,1.12,-1.7,0.77,7.0,98.47,25,12.3
171,226,Doug McDermott,SF,25,22.8,3.4,7.5,0.447,1.2,3.2,0.37,2.2,4.4,0.502,0.524,1.1,1.3,0.845,0.3,2.4,2.7,0.9,0.2,0.1,0.6,1.2,9.0,CHI/OKC,66,22.8,-0.61,-3.92,-4.53,-1.33,7.7,97.63,35,12.299999999999999
216,227,Tyler Ulis,PG,21,18.4,3.0,7.2,0.421,0.3,1.3,0.266,2.7,5.9,0.455,0.445,0.9,1.2,0.775,0.3,1.2,1.6,3.7,0.8,0.1,1.3,1.2,7.3,PHX,61,18.4,-2.03,-2.23,-4.26,-0.86,9.5,103.45,15,12.200000000000001
199,228,Shelvin Mack,PG,26,21.9,3.1,6.9,0.446,0.7,2.2,0.308,2.4,4.7,0.51,0.495,1.0,1.4,0.688,0.4,1.9,2.3,2.8,0.8,0.1,1.6,1.8,7.8,UTAH,55,21.9,-1.51,-1.28,-2.79,0.25,7.9,93.44,34,12.2
239,229,Dwight Powell,C,25,17.3,2.5,4.9,0.515,0.3,1.0,0.284,2.2,3.9,0.5710000000000001,0.542,1.4,1.8,0.759,1.2,2.8,4.0,0.6,0.8,0.5,0.4,1.8,6.7,DAL,77,17.3,-0.66,-0.51,-1.17,1.58,10.7,93.78,30,12.2
231,230,Jared Dudley,PF,31,21.3,2.5,5.4,0.4539999999999999,1.2,3.2,0.379,1.3,2.2,0.5589999999999999,0.565,0.7,1.0,0.662,0.5,3.0,3.5,1.9,0.7,0.3,1.1,2.4,6.8,PHX,64,21.3,-0.67,1.89,1.22,3.94,7.9,103.23,17,12.100000000000001
208,231,Iman Shumpert,SG,26,25.5,2.6,6.4,0.411,1.2,3.4,0.36,1.4,3.0,0.469,0.507,0.9,1.2,0.789,0.5,2.4,2.9,1.4,0.8,0.4,1.0,2.0,7.5,CLE,76,25.5,-0.98,-0.16,-1.14,2.43,5.5,97.99,48,12.000000000000002
203,232,Justin Holiday,SG,27,20.0,2.8,6.6,0.433,1.2,3.3,0.355,1.7,3.2,0.513,0.523,0.8,1.0,0.825,0.3,2.4,2.7,1.2,0.8,0.4,0.8,1.3,7.7,NY,82,20.0,-0.58,0.25,-0.33,2.87,9.2,98.65,31,12.0
242,233,Dante Cunningham,SF,29,25.0,2.6,5.4,0.485,1.1,2.7,0.392,1.6,2.7,0.579,0.584,0.2,0.4,0.593,0.8,3.3,4.2,0.6,0.6,0.4,0.4,1.5,6.6,NO,66,25.0,-0.37,-0.56,-0.93,2.29,6.8,99.77,28,12.0
237,234,Raymond Felton,PG,32,21.3,2.8,6.4,0.43,0.6,1.8,0.319,2.2,4.6,0.473,0.475,0.6,0.8,0.7809999999999999,0.4,2.3,2.7,2.4,0.8,0.3,1.0,1.6,6.7,LAC,80,21.3,-1.4,-0.88,-2.28,0.92,7.8,97.95,50,11.900000000000002
225,235,Anthony Tolliver,PF,31,22.7,2.4,5.4,0.442,1.4,3.5,0.391,1.0,1.9,0.537,0.57,0.9,1.3,0.7440000000000001,0.8,2.9,3.6,1.2,0.5,0.3,0.9,1.7,7.1,SAC,65,22.7,-0.07,-0.97,-1.04,1.93,7.3,97.77,26,11.799999999999999
234,236,Bobby Portis,PF,21,15.6,2.9,5.9,0.488,0.5,1.5,0.3329999999999999,2.4,4.4,0.541,0.531,0.6,0.9,0.6609999999999999,1.2,3.5,4.6,0.5,0.3,0.2,0.6,1.5,6.8,CHI,64,15.6,-1.94,-0.5,-2.44,0.43,11.0,97.38,30,11.799999999999999
284,237,Ian Mahinmi,C,30,17.9,2.1,3.6,0.586,0.0,0.0,,2.1,3.6,0.586,0.586,1.4,2.4,0.573,1.5,3.3,4.8,0.6,1.1,0.8,1.1,2.9,5.6,WSH,31,17.9,-2.22,3.11,0.89,1.44,8.2,98.9,19,11.799999999999999
185,238,Norman Powell,SG,23,18.0,3.0,6.7,0.449,0.7,2.3,0.324,2.3,4.4,0.514,0.504,1.7,2.1,0.792,0.3,1.9,2.2,1.1,0.7,0.2,0.9,1.7,8.4,TOR,76,18.0,-0.24,-1.01,-1.25,1.63,8.7,97.93,47,11.7
211,239,Isaiah Whitehead,PG,21,22.5,2.8,7.0,0.402,0.6,2.0,0.295,2.2,4.9,0.446,0.445,1.2,1.5,0.805,0.4,2.1,2.5,2.6,0.6,0.5,1.9,2.4,7.4,BKN,73,22.5,-1.95,-1.16,-3.11,0.02,5.2,102.31,17,11.7
187,240,Joe Harris,SG,25,21.9,3.0,7.0,0.425,1.6,4.3,0.385,1.3,2.7,0.489,0.5429999999999999,0.7,0.9,0.7140000000000001,0.3,2.5,2.8,1.0,0.6,0.2,1.1,2.3,8.2,BKN,52,21.9,-2.46,-1.73,-4.19,-0.82,6.1,105.53,10,11.7
278,241,Tarik Black,C,25,16.3,2.2,4.4,0.51,0.0,0.0,0.5,2.2,4.4,0.51,0.512,1.2,1.6,0.752,2.1,3.0,5.1,0.6,0.4,0.7,0.9,2.6,5.7,LAL,67,16.3,-2.5,1.96,-0.54,1.81,8.5,100.72,24,11.6
246,242,Sam Dekker,SF,22,18.4,2.6,5.6,0.473,0.8,2.4,0.321,1.9,3.1,0.591,0.5429999999999999,0.5,0.9,0.5589999999999999,1.2,2.5,3.7,1.0,0.5,0.3,0.5,1.1,6.5,HOU,77,18.4,0.05,-1.42,-1.37,1.64,8.7,102.25,52,11.5
183,243,Arron Afflalo,SG,31,25.9,3.0,6.9,0.44,1.0,2.5,0.411,2.0,4.4,0.457,0.514,1.4,1.5,0.892,0.1,1.9,2.0,1.3,0.3,0.1,0.7,1.7,8.4,SAC,61,25.9,-1.43,-2.85,-4.28,-1.12,5.8,96.17,23,11.400000000000002
198,244,Langston Galloway,PG,25,20.2,2.8,7.4,0.38,1.6,4.2,0.39,1.2,3.2,0.367,0.49,0.7,0.9,0.797,0.4,1.7,2.1,1.3,0.6,0.1,0.6,1.3,7.9,NO/SAC,74,20.2,0.1,-1.65,-1.55,1.46,6.7,99.48,29,11.4
250,245,Rodney McGruder,SG,25,25.2,2.4,5.9,0.413,0.9,2.8,0.332,1.5,3.1,0.488,0.492,0.6,0.9,0.62,1.2,2.1,3.3,1.6,0.6,0.2,0.7,1.8,6.4,MIA,78,25.2,-0.58,-0.9,-1.48,2.04,5.6,96.98,40,11.399999999999999
197,246,D.J. Augustin,PG,29,19.7,2.5,6.6,0.377,1.2,3.5,0.347,1.3,3.1,0.412,0.469,1.7,2.1,0.8140000000000001,0.2,1.3,1.5,2.7,0.4,0.0,1.2,1.3,7.9,ORL,78,19.7,-1.53,-3.4,-4.93,-1.74,8.0,97.4,29,11.300000000000002
258,247,Spencer Hawes,PF,28,14.8,2.5,5.1,0.484,0.5,1.5,0.309,2.0,3.6,0.556,0.529,0.8,1.0,0.846,0.7,2.8,3.5,1.5,0.3,0.6,0.9,1.4,6.2,MIL/CHA,54,14.8,-2.13,-0.87,-3.0,0.06,10.9,100.06,27,11.2
255,248,Nemanja Bjelica,PF,28,18.3,2.3,5.5,0.424,0.9,2.7,0.316,1.5,2.8,0.531,0.503,0.7,0.9,0.738,0.9,2.9,3.8,1.2,0.6,0.3,0.9,2.4,6.2,MIN,65,18.3,-0.71,1.94,1.23,3.24,7.8,97.32,28,11.2
260,249,Mike Muscala,C,25,17.7,2.4,4.8,0.504,0.7,1.6,0.418,1.8,3.2,0.546,0.573,0.7,0.9,0.7659999999999999,1.1,2.3,3.4,1.4,0.4,0.6,0.8,1.4,6.2,ATL,70,17.7,-0.02,-0.36,-0.38,2.11,9.7,99.78,36,11.2
219,250,Justin Anderson,SF,23,16.4,2.5,5.9,0.424,0.8,2.6,0.299,1.7,3.3,0.522,0.49,1.4,1.7,0.7909999999999999,0.9,2.3,3.3,0.9,0.5,0.3,0.9,1.5,7.1,DAL/PHI,75,16.4,-1.36,-2.54,-3.9,-0.59,9.1,97.35,24,11.2
336,251,Lucas Nogueira,C,24,19.1,1.8,2.7,0.66,0.1,0.2,0.25,1.8,2.5,0.6940000000000001,0.67,0.8,1.2,0.657,1.4,2.8,4.3,0.7,0.9,1.6,0.8,2.4,4.4,TOR,57,19.1,-0.61,3.34,2.73,4.03,8.5,97.57,34,11.099999999999998
297,252,Willie Reed,C,26,14.5,2.3,4.0,0.568,0.0,0.1,0.25,2.3,4.0,0.573,0.57,0.7,1.2,0.557,1.8,2.9,4.7,0.4,0.3,0.7,0.4,1.9,5.3,MIA,71,14.5,-2.42,1.25,-1.17,1.28,10.8,98.26,39,11.0
170,253,Dahntay Jones,SF,36,12.0,3.0,8.0,0.375,0.0,2.0,0.0,3.0,6.0,0.5,0.375,3.0,4.0,0.75,1.0,1.0,2.0,1.0,0.0,0.0,1.0,1.0,9.0,CLE,1,12.0,-1.68,-0.38,-2.06,0.01,7.6,85.92,0,11.0
235,254,Brandan Wright,PF,29,16.0,3.0,4.8,0.615,0.0,0.0,0.0,3.0,4.8,0.619,0.615,0.8,1.3,0.657,1.1,1.7,2.8,0.5,0.4,0.7,0.4,1.5,6.8,MEM,28,16.0,-0.86,0.4,-0.46,0.71,11.6,93.54,14,10.799999999999999
238,255,Devin Harris,PG,33,16.7,2.1,5.2,0.3989999999999999,0.9,2.7,0.3279999999999999,1.2,2.5,0.476,0.484,1.6,2.0,0.8290000000000001,0.2,1.8,2.0,2.1,0.7,0.1,0.9,1.6,6.7,DAL,65,16.7,0.38,0.32,0.7,2.58,9.5,95.46,29,10.699999999999998
218,256,Rodney Stuckey,PG,30,17.8,2.3,6.3,0.373,0.5,1.5,0.317,1.8,4.7,0.391,0.412,2.1,2.7,0.748,0.2,2.0,2.2,2.2,0.4,0.0,1.4,1.1,7.2,IND,39,17.8,-1.66,-0.91,-2.57,0.23,7.5,96.83,17,10.600000000000001
193,257,Ben McLemore,SG,23,19.3,3.0,6.9,0.43,1.1,2.8,0.382,1.9,4.1,0.462,0.507,1.1,1.5,0.753,0.3,1.8,2.1,0.8,0.5,0.1,1.0,1.8,8.1,SAC,61,19.3,-2.88,-1.58,-4.46,-0.99,6.0,97.04,27,10.6
290,258,Terry Rozier,PG,22,17.1,2.0,5.6,0.367,0.8,2.4,0.318,1.3,3.1,0.405,0.437,0.7,0.9,0.773,0.5,2.5,3.1,1.8,0.6,0.1,0.6,0.9,5.5,BOS,74,17.1,-1.05,-0.01,-1.06,1.65,9.1,98.27,47,10.5
274,259,Andrew Harrison,PG,22,20.5,1.6,5.0,0.325,0.6,2.2,0.276,1.0,2.8,0.363,0.385,2.1,2.7,0.763,0.3,1.6,1.9,2.8,0.7,0.3,1.2,2.7,5.9,MEM,72,20.5,-1.2,-0.38,-1.58,1.38,5.3,94.76,38,10.400000000000002
275,260,Domantas Sabonis,PF,20,20.1,2.4,5.9,0.3989999999999999,0.6,2.0,0.321,1.7,4.0,0.4379999999999999,0.452,0.5,0.8,0.657,0.6,3.0,3.6,1.0,0.5,0.4,1.0,2.5,5.9,OKC,81,20.1,-3.9,1.86,-2.04,1.14,4.9,99.61,46,10.4
295,261,Alexis Ajinca,C,28,15.0,2.3,4.6,0.5,0.0,0.1,0.0,2.3,4.5,0.511,0.5,0.7,1.0,0.725,1.2,3.4,4.5,0.3,0.5,0.6,0.8,2.0,5.3,NO,39,15.0,-3.17,1.64,-1.53,0.6,8.8,100.43,15,10.4
271,262,David Nwaba,SG,24,19.9,2.4,4.1,0.58,0.1,0.3,0.2,2.3,3.8,0.605,0.586,1.3,2.0,0.6409999999999999,0.9,2.3,3.2,0.7,0.7,0.4,0.6,1.8,6.0,LAL,20,19.9,-1.89,0.59,-1.3,0.47,7.6,100.9,5,10.399999999999999
317,263,Josh McRoberts,PF,29,17.3,2.0,5.4,0.373,0.6,1.4,0.419,1.4,4.0,0.356,0.428,0.3,0.4,0.667,1.0,2.3,3.4,2.3,0.5,0.2,1.0,1.4,4.9,MIA,22,17.3,-2.87,-0.01,-2.88,0.06,7.1,93.81,6,10.3
321,264,Cristiano Felicio,C,24,15.8,1.9,3.3,0.579,0.0,0.0,,1.9,3.3,0.579,0.579,0.9,1.4,0.645,1.9,2.8,4.7,0.6,0.4,0.3,0.5,1.7,4.8,CHI,66,15.8,-1.55,0.39,-1.16,1.28,10.0,97.27,31,10.3
259,265,Trey Lyles,PF,21,16.3,2.2,6.2,0.362,0.9,2.9,0.319,1.3,3.3,0.4,0.436,0.8,1.1,0.722,0.7,2.6,3.3,1.0,0.4,0.3,0.9,1.4,6.2,UTAH,71,16.3,-2.48,-0.23,-2.71,0.29,7.6,94.43,43,10.3
261,266,Chandler Parsons,SF,28,19.9,2.2,6.5,0.3379999999999999,0.7,2.7,0.2689999999999999,1.5,3.8,0.3879999999999999,0.3939999999999999,1.0,1.3,0.8140000000000001,0.2,2.3,2.5,1.6,0.6,0.1,0.7,1.5,6.2,MEM,34,19.9,-3.51,-0.33,-3.84,-0.29,5.6,94.04,18,10.299999999999999
285,267,Georgios Papagiannis,C,19,16.1,2.5,4.6,0.5489999999999999,0.0,0.1,0.0,2.5,4.5,0.56,0.5489999999999999,0.5,0.6,0.857,1.1,2.8,3.9,0.9,0.1,0.8,1.1,2.0,5.6,SAC,22,16.1,-2.47,-0.3,-2.77,0.08,8.2,96.93,7,10.200000000000001
248,268,Darrell Arthur,PF,28,15.6,2.3,5.2,0.442,1.3,2.9,0.4529999999999999,1.0,2.4,0.429,0.565,0.5,0.5,0.8640000000000001,0.6,2.1,2.7,1.0,0.5,0.5,0.9,1.9,6.4,DEN,41,15.6,-0.91,0.2,-0.71,0.99,7.7,99.85,20,10.200000000000001
339,269,Ed Davis,PF,27,17.2,1.6,3.1,0.528,0.0,0.0,,1.6,3.1,0.528,0.528,1.1,1.8,0.617,2.1,3.2,5.3,0.6,0.3,0.5,0.8,3.0,4.3,POR,46,17.2,-2.96,-0.06,-3.02,0.05,6.1,98.77,19,10.2
277,270,Beno Udrih,PG,34,14.4,2.4,5.1,0.467,0.3,0.8,0.344,2.1,4.2,0.491,0.495,0.8,0.9,0.941,0.2,1.3,1.5,3.4,0.3,0.0,0.9,0.7,5.8,DET,39,14.4,-0.39,0.13,-0.26,0.98,13.0,95.46,18,10.1
266,271,JaVale McGee,C,29,9.6,2.7,4.1,0.652,0.0,0.0,0.0,2.7,4.1,0.6579999999999999,0.652,0.7,1.4,0.505,1.3,1.9,3.2,0.2,0.2,0.9,0.5,1.4,6.1,GS,77,9.6,0.83,0.11,0.94,2.04,12.5,105.1,62,10.1
186,272,Troy Daniels,SG,25,17.7,2.8,7.4,0.374,2.1,5.3,0.389,0.7,2.1,0.336,0.513,0.6,0.8,0.7959999999999999,0.3,1.2,1.5,0.7,0.3,0.1,0.7,1.3,8.2,MEM,67,17.7,-0.02,-2.1,-2.12,0.72,6.5,95.85,33,10.1
286,273,Delon Wright,PG,24,16.5,1.8,4.3,0.422,0.4,1.1,0.3329999999999999,1.4,3.2,0.4529999999999999,0.466,1.6,2.0,0.764,0.6,1.2,1.8,2.1,1.0,0.4,0.9,1.1,5.6,TOR,27,16.5,-1.28,0.98,-0.3,0.77,10.5,94.48,19,10.0
272,274,Lance Thomas,PF,28,21.0,2.1,5.3,0.3979999999999999,0.8,1.8,0.447,1.3,3.5,0.371,0.475,0.9,1.1,0.843,0.7,2.4,3.1,0.8,0.5,0.1,0.5,1.8,6.0,NY,46,21.0,-2.87,-1.73,-4.6,-0.91,5.5,98.29,15,10.0
262,275,Ramon Sessions,PG,30,16.2,2.0,5.3,0.38,0.4,1.2,0.3389999999999999,1.6,4.0,0.3929999999999999,0.42,1.8,2.4,0.7709999999999999,0.2,1.2,1.5,2.6,0.5,0.1,0.9,0.9,6.2,CHA,50,16.2,-1.65,-1.4,-3.05,0.04,7.9,99.63,23,10.0
327,276,David West,C,36,12.6,2.0,3.7,0.536,0.0,0.1,0.375,1.9,3.6,0.541,0.542,0.6,0.8,0.768,0.7,2.3,3.0,2.2,0.6,0.7,1.1,1.5,4.6,GS,68,12.6,-1.47,3.54,2.07,2.81,12.3,96.84,56,10.0
236,277,Alec Burks,SG,25,15.5,2.4,5.9,0.3989999999999999,0.6,1.8,0.3289999999999999,1.8,4.1,0.43,0.45,1.4,1.9,0.769,0.4,2.5,2.9,0.7,0.4,0.1,0.8,1.2,6.7,UTAH,42,15.5,-2.47,-0.94,-3.41,-0.12,8.7,95.94,26,9.999999999999998
245,278,Marcus Thornton,SG,29,17.4,2.5,6.4,0.4,0.8,2.4,0.35,1.7,3.9,0.431,0.467,0.7,0.8,0.852,0.7,1.6,2.3,1.2,0.6,0.1,0.8,1.5,6.6,WSH,33,17.4,-1.64,-3.31,-4.95,-0.66,6.9,98.29,15,9.999999999999996
338,279,Noah Vonleh,PF,21,17.1,1.8,3.6,0.481,0.1,0.3,0.35,1.7,3.4,0.492,0.494,0.8,1.3,0.638,1.8,3.5,5.2,0.4,0.4,0.4,0.9,2.1,4.4,POR,74,17.1,-4.02,1.03,-2.99,0.11,7.3,98.18,38,9.900000000000002
280,280,Jason Smith,C,30,14.4,2.4,4.4,0.529,0.5,1.1,0.474,1.9,3.4,0.546,0.585,0.5,0.7,0.6859999999999999,0.9,2.6,3.5,0.5,0.3,0.7,0.8,2.3,5.7,WSH,74,14.4,-1.08,0.54,-0.54,1.75,8.7,98.72,45,9.899999999999999
313,281,Thomas Robinson,PF,25,11.7,2.2,4.1,0.536,0.0,0.0,0.0,2.2,4.1,0.5379999999999999,0.536,0.6,1.4,0.47,1.8,2.9,4.6,0.6,0.5,0.2,1.0,1.6,5.0,LAL,48,11.7,-1.68,-0.66,-2.34,0.28,11.4,99.31,15,9.899999999999999
240,282,Jaylen Brown,SF,20,17.2,2.5,5.4,0.4539999999999999,0.6,1.7,0.341,1.9,3.7,0.507,0.508,1.1,1.6,0.685,0.6,2.2,2.8,0.8,0.4,0.2,0.9,1.8,6.6,BOS,78,17.2,-2.95,-0.42,-3.37,-0.21,7.1,99.02,50,9.899999999999999
263,283,Jonathon Simmons,SG,27,17.8,2.3,5.4,0.42,0.4,1.3,0.294,1.9,4.1,0.461,0.456,1.3,1.7,0.75,0.3,1.8,2.1,1.6,0.6,0.3,1.0,1.9,6.2,SA,78,17.8,-2.03,1.12,-0.91,1.94,6.7,97.59,60,9.8
303,284,Cheick Diallo,PF,20,11.7,2.1,4.5,0.474,0.0,0.0,,2.1,4.5,0.474,0.474,0.9,1.2,0.7140000000000001,1.4,2.9,4.3,0.2,0.2,0.4,0.4,1.0,5.1,NO,17,11.7,-2.54,-0.85,-3.39,-0.03,11.3,101.07,9,9.799999999999997
314,285,Aron Baynes,C,30,15.5,1.9,3.7,0.513,0.0,0.0,,1.9,3.7,0.513,0.513,1.1,1.3,0.84,1.5,3.0,4.4,0.4,0.2,0.5,0.7,2.2,4.9,DET,75,15.5,-2.45,2.93,0.48,2.63,8.5,97.23,34,9.700000000000001
294,286,Meyers Leonard,PF,24,16.5,2.0,5.1,0.386,1.0,2.9,0.347,1.0,2.2,0.436,0.484,0.5,0.5,0.875,0.4,2.8,3.2,1.0,0.2,0.4,0.5,2.3,5.4,POR,74,16.5,-1.5,0.26,-1.24,1.48,6.1,99.44,37,9.700000000000001
273,287,Jerian Grant,PG,24,16.3,2.0,4.8,0.425,0.8,2.1,0.366,1.3,2.7,0.473,0.507,1.0,1.2,0.89,0.3,1.5,1.8,1.9,0.7,0.1,0.7,1.5,5.9,CHI,63,16.3,0.5,1.07,1.57,3.03,8.4,97.0,29,9.7
288,288,Boban Marjanovic,C,28,8.4,2.1,3.8,0.545,0.0,0.0,,2.1,3.8,0.545,0.545,1.3,1.7,0.81,1.3,2.4,3.7,0.3,0.2,0.3,0.3,0.7,5.5,DET,35,8.4,-0.24,1.66,1.42,0.82,19.6,97.2,16,9.7
293,289,Joffrey Lauvergne,PF-C,25,14.0,2.1,4.8,0.44,0.5,1.4,0.337,1.6,3.4,0.483,0.49,0.7,1.0,0.63,1.0,2.6,3.6,1.0,0.4,0.1,0.8,1.2,5.4,CHI/OKC,70,14.0,-1.22,-1.27,-2.49,0.39,9.4,98.86,41,9.7
305,290,Luis Scola,PF,36,12.8,2.0,4.2,0.47,0.5,1.4,0.34,1.5,2.8,0.535,0.526,0.7,1.0,0.6759999999999999,1.4,2.4,3.9,1.0,0.4,0.1,0.9,1.8,5.1,BKN,36,12.8,-0.8,-0.29,-1.09,0.62,8.9,102.58,7,9.6
276,291,Quincy Acy,PF,26,14.7,1.8,4.5,0.412,1.0,2.4,0.411,0.9,2.1,0.413,0.521,1.2,1.6,0.75,0.5,2.5,3.0,0.5,0.4,0.4,0.6,1.8,5.8,DAL/BKN,38,14.7,-2.38,-0.21,-2.59,0.01,8.3,101.09,11,9.500000000000002
287,292,Jerami Grant,SF,22,19.1,1.9,4.1,0.4629999999999999,0.5,1.5,0.371,1.4,2.7,0.514,0.529,1.1,1.8,0.612,0.5,2.1,2.6,0.6,0.4,1.0,0.6,1.9,5.5,PHI/OKC,80,19.1,-2.42,-2.29,-4.71,-1.56,5.8,100.42,43,9.5
265,293,Luc Mbah a Moute,SF,30,22.3,2.4,4.7,0.505,0.5,1.4,0.391,1.9,3.4,0.552,0.562,0.7,1.1,0.6779999999999999,0.6,1.6,2.1,0.5,1.0,0.4,0.6,1.5,6.1,LAC,80,22.3,-1.56,2.32,0.76,4.43,5.6,98.35,49,9.5
230,294,Ian Clark,SG,25,14.8,2.7,5.6,0.487,0.8,2.1,0.374,1.9,3.5,0.556,0.5579999999999999,0.6,0.8,0.759,0.3,1.3,1.6,1.2,0.5,0.1,0.7,1.0,6.8,GS,77,14.8,-1.08,-1.82,-2.9,0.17,9.2,100.62,63,9.5
264,295,Troy Williams,SF,22,18.6,2.4,5.6,0.437,0.6,2.1,0.29,1.8,3.5,0.524,0.491,0.7,1.1,0.6559999999999999,0.5,1.8,2.3,0.8,0.9,0.3,1.1,2.0,6.2,HOU/MEM,30,18.6,-3.06,-0.45,-3.51,-0.14,5.5,98.77,19,9.400000000000002
251,296,Mirza Teletovic,PF,31,16.2,2.2,6.0,0.373,1.5,4.4,0.341,0.7,1.6,0.46,0.498,0.5,0.6,0.778,0.2,2.2,2.3,0.7,0.2,0.2,0.5,1.6,6.4,MIL,70,16.2,-1.05,-0.44,-1.49,1.16,6.1,96.72,36,9.299999999999997
249,297,Timothe Luwawu-Cabarrot,SF,21,17.2,2.1,5.2,0.402,0.7,2.3,0.311,1.4,2.9,0.475,0.471,1.5,1.8,0.8540000000000001,0.4,1.8,2.2,1.1,0.5,0.1,1.1,2.2,6.4,PHI,69,17.2,-2.27,0.57,-1.7,1.11,5.3,101.64,23,9.200000000000001
256,298,Dante Exum,PG,21,18.6,2.3,5.5,0.427,0.7,2.3,0.295,1.7,3.2,0.519,0.488,0.9,1.1,0.795,0.5,1.5,2.0,1.7,0.3,0.2,1.2,2.2,6.2,UTAH,66,18.6,-2.14,-0.65,-2.79,0.25,5.4,94.42,40,9.2
298,299,Omri Casspi,SF,28,17.9,2.1,4.6,0.47,0.4,1.2,0.349,1.7,3.4,0.512,0.515,0.5,0.8,0.586,0.8,2.4,3.1,1.0,0.6,0.1,0.8,1.4,5.2,NO/MIN/SAC,36,17.9,-2.35,0.05,-2.3,0.22,6.9,98.23,12,9.2
307,300,Hollis Thompson,SG,25,18.8,1.9,5.0,0.385,0.8,2.4,0.337,1.1,2.6,0.429,0.465,0.5,0.7,0.655,0.5,2.3,2.8,0.9,0.5,0.2,0.3,1.7,5.1,NO/PHI,40,18.8,-0.82,-1.23,-2.05,0.38,5.8,98.46,12,9.199999999999998
268,301,Derrick Williams,PF,25,16.1,2.2,4.9,0.4429999999999999,0.6,1.9,0.309,1.6,2.9,0.531,0.504,1.2,1.8,0.652,0.4,2.2,2.6,0.6,0.3,0.1,0.6,1.2,6.1,CLE/MIA,50,16.1,-2.66,-1.25,-3.91,-0.4,7.4,96.49,16,9.1
326,302,Kris Humphries,PF,31,12.3,1.6,3.8,0.407,0.3,1.0,0.352,1.2,2.9,0.425,0.451,1.1,1.5,0.78,1.1,2.6,3.7,0.5,0.3,0.4,0.5,1.2,4.6,ATL,56,12.3,-2.3,0.41,-1.89,0.54,10.5,98.12,31,9.000000000000002
279,303,Richard Jefferson,SF,36,20.4,1.9,4.3,0.446,0.8,2.4,0.3329999999999999,1.2,2.0,0.58,0.536,1.0,1.4,0.741,0.4,2.2,2.6,1.0,0.3,0.1,0.7,1.9,5.7,CLE,79,20.4,-1.16,-0.48,-1.64,1.51,5.3,98.11,50,9.000000000000002
252,304,Leandro Barbosa,SG,34,14.4,2.6,5.9,0.439,0.5,1.5,0.357,2.0,4.4,0.466,0.483,0.6,0.7,0.889,0.2,1.3,1.6,1.2,0.5,0.1,0.7,1.2,6.3,PHX,67,14.4,-1.5,-1.5,-3.0,0.08,8.3,101.15,20,9.0
253,305,Mindaugas Kuzminskas,SF,27,14.9,2.3,5.4,0.428,0.8,2.5,0.321,1.5,3.0,0.517,0.501,0.8,1.0,0.809,0.7,1.2,1.9,1.0,0.4,0.2,0.8,1.2,6.3,NY,68,14.9,-0.8,-1.2,-2.0,0.72,7.5,99.41,24,8.999999999999998
291,306,Paul Zipser,SF,22,19.2,2.0,5.0,0.3979999999999999,0.8,2.3,0.3329999999999999,1.3,2.8,0.451,0.473,0.7,0.9,0.775,0.3,2.5,2.8,0.8,0.3,0.4,0.9,1.8,5.5,CHI,44,19.2,-3.37,-0.19,-3.56,-0.23,5.0,97.93,21,8.900000000000002
292,307,Malcolm Delaney,PG,27,17.1,2.0,5.3,0.374,0.4,1.5,0.236,1.6,3.8,0.428,0.407,1.0,1.3,0.8059999999999999,0.1,1.5,1.7,2.6,0.5,0.0,1.3,1.5,5.4,ATL,73,17.1,-2.64,-0.25,-2.89,0.18,6.4,98.7,37,8.9
304,308,Shaun Livingston,PG,31,17.7,2.3,4.2,0.547,0.0,0.0,0.3329999999999999,2.3,4.1,0.55,0.5489999999999999,0.6,0.8,0.7,0.4,1.6,2.0,1.8,0.5,0.3,0.8,1.6,5.1,GS,76,17.7,-2.55,-0.19,-2.74,0.33,7.3,98.4,63,8.9
300,309,Randy Foye,SG,33,18.6,1.7,4.7,0.363,1.0,2.9,0.33,0.7,1.8,0.418,0.466,0.8,0.9,0.857,0.1,2.1,2.2,2.0,0.5,0.1,1.2,1.4,5.2,BKN,69,18.6,-2.7,-1.42,-4.12,-0.85,5.7,103.71,17,8.8
353,310,Kris Dunn,PG,22,17.1,1.5,4.0,0.377,0.3,0.9,0.288,1.2,3.1,0.4039999999999999,0.411,0.5,0.8,0.61,0.3,1.8,2.1,2.4,1.0,0.5,1.1,2.3,3.8,MIN,78,17.1,-2.64,-0.41,-3.05,0.06,5.1,96.78,30,8.700000000000001
309,311,Anthony Bennett,PF,23,11.5,1.7,4.0,0.413,0.6,2.1,0.271,1.1,1.9,0.568,0.484,1.1,1.6,0.722,1.1,2.3,3.4,0.5,0.2,0.1,0.5,0.8,5.0,BKN,23,11.5,-0.76,-1.29,-2.05,0.19,9.4,104.03,3,8.7
325,312,Roy Hibbert,C,30,14.2,1.7,3.1,0.544,0.0,0.0,,1.7,3.1,0.544,0.544,1.3,1.6,0.813,1.1,2.0,3.2,0.4,0.2,1.0,0.7,2.1,4.6,DEN/CHA,48,14.2,-2.48,2.08,-0.4,1.21,7.1,98.94,24,8.7
343,313,Pascal Siakam,PF,22,15.6,1.9,3.7,0.502,0.0,0.1,0.143,1.9,3.6,0.515,0.505,0.4,0.6,0.688,1.2,2.2,3.4,0.3,0.5,0.8,0.6,2.0,4.2,TOR,55,15.6,-3.93,0.49,-3.44,-0.17,6.0,96.94,35,8.6
315,314,Juan Hernangomez,PF,21,13.6,1.6,3.6,0.451,0.7,1.8,0.407,0.9,1.8,0.495,0.5539999999999999,0.9,1.2,0.75,0.7,2.3,3.0,0.5,0.5,0.2,0.5,1.0,4.9,DEN,62,13.6,-0.85,-0.69,-1.54,0.88,8.6,101.04,30,8.6
389,315,Omer Asik,C,30,15.5,1.0,2.1,0.477,0.0,0.0,,1.0,2.1,0.477,0.477,0.7,1.3,0.59,1.5,3.7,5.3,0.5,0.2,0.3,0.5,1.6,2.7,NO,31,15.5,-2.97,1.94,-1.03,0.65,7.3,99.64,12,8.5
308,316,Denzel Valentine,SG,23,17.1,1.8,5.1,0.354,1.3,3.6,0.351,0.5,1.4,0.363,0.481,0.2,0.3,0.778,0.2,2.5,2.6,1.1,0.5,0.1,0.9,1.5,5.1,CHI,57,17.1,-2.21,0.13,-2.08,0.64,5.8,97.94,28,8.499999999999998
333,317,Stanley Johnson,SF,20,17.8,1.7,4.7,0.353,0.6,2.0,0.292,1.1,2.7,0.3979999999999999,0.415,0.5,0.7,0.679,0.5,2.0,2.5,1.4,0.7,0.3,0.9,1.6,4.4,DET,77,17.8,-2.34,-0.04,-2.38,0.63,4.8,96.99,35,8.4
281,318,Brandon Bass,PF,31,11.1,2.1,3.6,0.575,0.0,0.1,0.3329999999999999,2.0,3.5,0.579,0.578,1.5,1.7,0.875,0.8,1.7,2.5,0.4,0.3,0.2,0.6,0.9,5.6,LAC,52,11.1,-1.06,-1.59,-2.65,0.17,12.2,96.53,29,8.4
257,319,Jonathan Gibson,PG,29,13.6,2.1,5.6,0.368,0.9,2.6,0.3329999999999999,1.2,2.9,0.4,0.447,1.2,1.7,0.7240000000000001,0.1,1.2,1.3,1.5,0.5,0.0,1.2,1.2,6.2,DAL,17,13.6,-1.95,-2.16,-4.11,-0.15,6.2,96.88,4,8.3
335,320,Donatas Motiejunas,PF,26,14.1,1.7,4.1,0.413,0.3,1.4,0.2339999999999999,1.4,2.7,0.505,0.4529999999999999,0.7,1.4,0.51,0.8,2.2,3.0,0.9,0.5,0.3,0.9,1.6,4.4,NO,34,14.1,-2.51,-0.74,-3.25,-0.04,5.3,101.18,16,8.200000000000001
299,321,Mike Dunleavy,SF,36,15.9,1.8,4.2,0.423,1.0,2.5,0.396,0.8,1.6,0.465,0.5429999999999999,0.7,0.8,0.8,0.3,1.8,2.2,0.9,0.3,0.1,0.5,1.3,5.2,ATL/CLE,53,15.9,-2.26,0.05,-2.21,0.49,7.7,98.53,34,8.200000000000001
361,322,Kyle Anderson,SG,23,14.2,1.3,2.9,0.445,0.2,0.6,0.375,1.1,2.3,0.462,0.481,0.6,0.8,0.789,0.5,2.4,2.9,1.3,0.7,0.4,0.5,0.9,3.4,SA,72,14.2,-1.81,3.11,1.3,2.84,9.8,96.6,53,8.2
354,323,Jonas Jerebko,PF,29,15.8,1.5,3.4,0.435,0.6,1.7,0.346,0.9,1.7,0.523,0.521,0.3,0.5,0.703,0.8,2.7,3.5,0.9,0.3,0.2,0.5,1.6,3.8,BOS,78,15.8,-0.89,-0.14,-1.03,1.63,6.9,98.94,51,8.2
301,324,Cameron Payne,PG,22,14.9,2.1,6.2,0.332,0.9,2.8,0.314,1.2,3.5,0.346,0.402,0.2,0.3,0.625,0.1,1.5,1.5,1.8,0.5,0.1,0.9,1.7,5.2,CHI/OKC,31,14.9,-4.14,-0.31,-4.45,-0.39,4.1,98.86,16,8.2
324,325,Boris Diaw,PF,34,17.6,2.0,4.5,0.446,0.3,1.1,0.247,1.7,3.4,0.512,0.477,0.4,0.5,0.743,0.6,1.5,2.2,2.3,0.2,0.1,1.2,1.1,4.6,UTAH,73,17.6,-2.58,-0.5,-3.08,0.03,7.1,93.08,45,8.2
341,326,Dorian Finney-Smith,PF,23,20.3,1.5,4.1,0.372,0.7,2.4,0.293,0.8,1.8,0.479,0.456,0.6,0.8,0.754,0.7,2.1,2.7,0.8,0.6,0.3,0.6,1.5,4.3,DAL,81,20.3,-1.92,-0.3,-2.22,0.9,4.9,93.28,33,8.100000000000001
337,327,Jarrod Uthoff,PF,23,12.8,1.8,4.2,0.421,0.3,1.0,0.3329999999999999,1.4,3.2,0.4479999999999999,0.461,0.6,0.8,0.7140000000000001,0.9,1.6,2.4,1.0,0.2,0.4,0.3,0.9,4.4,DAL,9,12.8,-2.29,-0.76,-3.05,0.01,8.1,94.3,2,8.1
380,328,Salah Mejri,C,30,12.4,1.2,1.9,0.642,0.0,0.0,0.3329999999999999,1.2,1.8,0.649,0.6459999999999999,0.5,0.8,0.59,1.3,2.9,4.2,0.2,0.4,0.8,0.5,2.1,2.9,DAL,73,12.4,-2.71,3.66,0.95,2.23,9.9,92.48,29,8.0
322,329,Kevin Seraphin,PF,27,11.4,2.2,4.0,0.551,0.0,0.0,0.0,2.2,4.0,0.556,0.551,0.3,0.4,0.636,0.8,2.1,2.9,0.5,0.1,0.4,0.6,1.3,4.7,IND,49,11.4,-2.94,-1.07,-4.01,-0.31,9.5,96.87,23,8.0
269,330,Alex Abrines,SG,23,15.5,2.0,5.0,0.3929999999999999,1.4,3.6,0.381,0.6,1.4,0.426,0.531,0.6,0.7,0.898,0.3,1.0,1.3,0.6,0.5,0.1,0.5,1.7,6.0,OKC,68,15.5,0.13,-2.25,-2.12,0.69,5.2,101.04,37,7.999999999999998
316,331,Mario Hezonja,SF,21,14.8,1.8,5.1,0.355,0.7,2.2,0.299,1.1,2.9,0.3979999999999999,0.42,0.6,0.8,0.8,0.3,1.9,2.2,1.0,0.5,0.2,0.9,1.1,4.9,ORL,65,14.8,-4.4,-2.2,-6.6,-2.09,5.9,97.48,20,7.9
329,332,Corey Brewer,SF,30,15.6,1.8,4.2,0.422,0.3,1.4,0.2289999999999999,1.5,2.8,0.522,0.461,0.6,0.8,0.735,0.4,1.6,2.0,1.2,0.7,0.2,0.7,1.6,4.5,HOU/LAL,82,15.6,-1.75,1.0,-0.75,1.99,5.7,101.21,47,7.8999999999999995
330,333,Reggie Bullock,SF,25,15.1,1.7,4.1,0.422,0.9,2.4,0.384,0.8,1.8,0.473,0.531,0.2,0.2,0.7140000000000001,0.4,1.6,2.1,0.9,0.6,0.1,0.3,0.7,4.5,DET,31,15.1,-0.98,0.57,-0.41,0.79,8.1,98.05,13,7.8999999999999995
351,334,Jarell Martin,PF,22,13.3,1.4,3.6,0.384,0.2,0.6,0.36,1.2,3.0,0.389,0.414,1.0,1.2,0.8,1.0,2.9,3.9,0.2,0.4,0.2,0.7,2.2,3.9,MEM,42,13.3,-4.23,1.17,-3.06,0.02,6.9,97.39,23,7.8999999999999995
344,335,Ron Baker,SG,23,16.5,1.6,4.2,0.3779999999999999,0.4,1.7,0.267,1.1,2.5,0.45,0.431,0.5,0.8,0.6509999999999999,0.2,1.7,1.9,2.1,0.7,0.2,1.1,1.4,4.1,NY,52,16.5,-2.68,-0.56,-3.24,-0.06,5.7,96.85,14,7.899999999999999
283,336,Gerald Green,SF,31,11.4,2.0,4.9,0.409,0.8,2.4,0.351,1.2,2.6,0.4629999999999999,0.494,0.7,0.9,0.805,0.3,1.4,1.8,0.7,0.2,0.1,0.5,1.0,5.6,BOS,47,11.4,-1.27,-1.47,-2.74,0.13,8.1,98.76,32,7.899999999999999
332,337,Pierre Jackson,PG,25,10.5,1.6,4.9,0.3329999999999999,0.4,1.4,0.273,1.3,3.5,0.357,0.372,0.8,0.9,0.857,0.1,1.0,1.1,2.4,0.3,0.0,0.4,0.6,4.4,DAL,8,10.5,-0.96,-0.76,-1.72,0.02,10.4,97.72,4,7.800000000000001
342,338,Brandon Rush,SG,31,21.9,1.5,4.0,0.374,0.9,2.4,0.386,0.6,1.6,0.356,0.492,0.3,0.4,0.722,0.3,1.8,2.1,1.0,0.5,0.5,0.6,0.9,4.2,MIN,47,21.9,-3.13,-0.73,-3.86,-0.48,4.3,96.76,15,7.700000000000001
350,339,Anthony Brown,SF,24,14.5,1.6,4.5,0.36,0.6,2.5,0.259,1.0,2.1,0.478,0.43,0.0,0.0,,0.7,2.3,3.0,0.7,0.5,0.1,0.5,1.4,3.9,NO/ORL,11,14.5,-1.42,-0.34,-1.76,0.08,5.8,94.67,3,7.700000000000001
331,340,C.J. Watson,PG,32,16.3,1.5,4.0,0.387,0.5,1.7,0.305,1.0,2.3,0.4479999999999999,0.452,0.9,1.1,0.8640000000000001,0.3,1.2,1.4,1.8,0.7,0.0,0.8,1.4,4.5,ORL,62,16.3,-2.41,-0.64,-3.05,0.05,6.3,98.51,20,7.6000000000000005
376,341,Lavoy Allen,PF,27,14.3,1.3,2.8,0.4579999999999999,0.0,0.0,0.0,1.3,2.7,0.461,0.4579999999999999,0.4,0.5,0.6970000000000001,1.7,1.9,3.6,0.9,0.3,0.4,0.5,1.3,2.9,IND,61,14.3,-2.56,-0.91,-3.47,-0.19,6.9,97.83,31,7.6
318,342,Tiago Splitter,C,32,9.5,1.8,3.9,0.452,0.3,0.8,0.3329999999999999,1.5,3.1,0.48,0.484,1.1,1.4,0.818,1.0,1.8,2.8,0.5,0.1,0.1,0.8,1.0,4.9,PHI,8,9.5,-1.97,0.69,-1.28,0.09,10.6,99.11,1,7.599999999999999
310,343,Aaron Brooks,PG,32,13.8,1.9,4.6,0.4029999999999999,0.7,2.0,0.375,1.1,2.6,0.424,0.483,0.5,0.6,0.8,0.3,0.8,1.1,1.9,0.4,0.1,1.0,1.4,5.0,IND,65,13.8,-1.81,-1.47,-3.28,-0.09,6.2,96.55,36,7.5
356,344,Tyus Jones,PG,20,12.9,1.3,3.0,0.414,0.4,1.2,0.356,0.8,1.8,0.4539999999999999,0.486,0.6,0.7,0.767,0.2,1.0,1.1,2.6,0.8,0.1,0.6,0.8,3.5,MIN,60,12.9,0.11,-0.34,-0.23,1.4,9.6,97.51,23,7.5
319,345,Luke Babbitt,SF,27,15.7,1.7,4.1,0.402,1.3,3.1,0.414,0.4,1.0,0.366,0.557,0.2,0.2,0.733,0.2,1.9,2.1,0.5,0.3,0.2,0.4,1.7,4.8,MIA,68,15.7,-0.64,1.24,0.6,2.5,5.4,97.22,35,7.5
296,346,Chasson Randle,PG,23,11.5,1.5,3.8,0.408,0.6,1.8,0.34,0.9,2.0,0.471,0.49,1.6,1.7,0.953,0.2,1.0,1.2,1.3,0.3,0.1,0.7,1.5,5.3,NY/PHI,26,11.5,-0.74,-1.36,-2.1,0.2,8.4,98.49,8,7.499999999999999
282,347,Quinn Cook,PG,23,13.4,2.4,4.7,0.5,0.8,1.9,0.423,1.6,2.9,0.55,0.583,0.1,0.4,0.4,0.1,0.4,0.5,1.9,0.3,0.0,0.9,0.9,5.6,NO/DAL,14,13.4,-1.44,-1.38,-2.82,0.01,6.8,96.78,9,7.4
346,348,Jason Terry,SG,39,18.4,1.4,3.3,0.432,1.0,2.3,0.427,0.4,1.0,0.444,0.5820000000000001,0.3,0.4,0.828,0.2,1.2,1.4,1.3,0.6,0.3,0.5,1.3,4.1,MIL,74,18.4,-0.41,0.61,0.2,2.81,5.8,95.82,37,7.199999999999999
311,349,Trey Burke,PG,24,12.3,2.0,4.5,0.455,0.5,1.2,0.4429999999999999,1.5,3.2,0.4589999999999999,0.516,0.4,0.5,0.759,0.1,0.7,0.8,1.8,0.2,0.1,0.8,0.9,5.0,WSH,57,12.3,-2.15,-3.09,-5.24,-0.92,8.1,96.37,35,7.1
289,350,Anthony Morrow,SG,31,14.6,2.0,5.1,0.389,0.8,2.7,0.308,1.2,2.4,0.479,0.47,0.7,0.8,0.919,0.2,0.4,0.6,0.5,0.5,0.0,0.1,0.9,5.5,CHI/OKC,49,14.6,-0.66,-1.46,-2.12,0.46,5.5,99.75,25,7.0
328,351,Davis Bertans,PF,24,12.1,1.5,3.5,0.44,1.0,2.6,0.3989999999999999,0.5,0.9,0.557,0.588,0.4,0.5,0.8240000000000001,0.3,1.1,1.5,0.7,0.3,0.4,0.5,1.1,4.5,SA,67,12.1,0.07,-0.01,0.06,1.64,7.7,97.88,51,6.9
323,352,Isaiah Canaan,SG,25,15.2,1.6,4.4,0.364,0.6,2.4,0.266,1.0,2.0,0.481,0.436,0.8,0.8,0.909,0.2,1.1,1.3,0.9,0.6,0.0,0.5,0.9,4.6,CHI,39,15.2,-3.0,-1.12,-4.12,-0.37,5.6,96.46,19,6.8999999999999995
348,353,Thon Maker,C,19,9.9,1.5,3.2,0.4589999999999999,0.5,1.3,0.3779999999999999,1.0,1.9,0.514,0.536,0.6,0.9,0.653,0.7,1.3,2.0,0.4,0.2,0.5,0.3,1.5,4.0,MIL,57,9.9,-1.23,0.17,-1.06,0.7,7.2,94.0,31,6.800000000000001
360,354,Tyler Zeller,C,27,10.3,1.5,3.1,0.494,0.0,0.0,0.0,1.5,3.1,0.497,0.494,0.4,0.8,0.564,0.8,1.6,2.4,0.8,0.1,0.4,0.4,1.2,3.5,BOS,51,10.3,-2.5,0.2,-2.3,0.28,8.5,99.46,32,6.8
349,355,Patrick McCaw,SG,21,15.1,1.5,3.5,0.433,0.6,1.7,0.3329999999999999,0.9,1.7,0.5329999999999999,0.516,0.4,0.5,0.784,0.3,1.1,1.4,1.1,0.5,0.2,0.5,0.9,4.0,GS,71,15.1,-3.09,-1.57,-4.66,-1.1,5.6,102.03,57,6.7
306,356,Wayne Selden,SG,22,16.9,1.8,4.1,0.431,0.5,2.0,0.25,1.3,2.1,0.6,0.491,1.0,1.6,0.636,0.1,1.1,1.1,0.9,0.4,0.1,0.9,1.3,5.1,NO/MEM,14,16.9,-2.44,-0.28,-2.72,0.06,4.4,94.78,6,6.699999999999999
363,357,Jose Calderon,PG,35,13.1,1.3,3.3,0.41,0.5,1.6,0.313,0.9,1.7,0.5,0.485,0.3,0.3,0.917,0.4,1.4,1.8,2.1,0.3,0.0,1.0,0.9,3.4,ATL/LAL,41,13.1,-2.4,-0.36,-2.76,0.12,7.7,98.89,15,6.6000000000000005
372,358,Jakob Poeltl,C,21,11.6,1.2,2.1,0.583,0.0,0.0,,1.2,2.1,0.583,0.583,0.6,1.1,0.544,1.4,1.6,3.1,0.2,0.3,0.4,0.5,2.1,3.1,TOR,54,11.6,-2.36,1.09,-1.27,0.72,5.7,95.71,38,6.6000000000000005
345,359,Shabazz Napier,PG,25,9.7,1.4,3.5,0.3989999999999999,0.6,1.7,0.37,0.7,1.7,0.429,0.492,0.7,0.9,0.7759999999999999,0.2,1.0,1.2,1.3,0.6,0.0,0.8,0.7,4.1,POR,53,9.7,-0.12,-1.39,-1.51,0.51,9.4,95.63,26,6.3999999999999995
340,360,Tyler Ennis,PG,22,11.1,1.7,3.9,0.433,0.5,1.3,0.386,1.2,2.6,0.457,0.498,0.4,0.5,0.84,0.2,0.7,0.8,1.6,0.5,0.0,0.8,1.1,4.3,HOU/LAL,53,11.1,-1.36,-0.51,-1.87,0.49,7.0,100.23,28,6.3999999999999995
347,361,Kay Felder,PG,21,9.2,1.5,3.8,0.392,0.2,0.5,0.318,1.3,3.2,0.4039999999999999,0.415,0.8,1.2,0.7140000000000001,0.1,0.9,1.0,1.4,0.4,0.2,0.7,0.9,4.0,CLE,42,9.2,-3.39,-0.85,-4.24,-0.28,7.9,97.79,25,6.300000000000001
362,362,Dragan Bender,PF,19,13.3,1.3,3.7,0.354,0.7,2.3,0.2769999999999999,0.7,1.4,0.483,0.441,0.1,0.3,0.364,0.5,1.9,2.4,0.5,0.2,0.5,0.7,1.7,3.4,PHX,43,13.3,-3.2,-0.68,-3.88,-0.28,3.3,100.06,13,6.3
365,363,Jared Sullinger,PF,24,10.7,1.4,4.3,0.319,0.3,1.6,0.1669999999999999,1.1,2.6,0.414,0.351,0.4,0.7,0.5,0.9,1.5,2.5,0.3,0.4,0.1,0.4,1.5,3.4,TOR,11,10.7,-2.7,0.9,-1.8,0.1,2.7,96.58,2,6.3
392,364,Wesley Johnson,SF,29,11.9,1.1,2.9,0.365,0.4,1.7,0.246,0.6,1.2,0.537,0.4379999999999999,0.2,0.3,0.647,0.4,2.3,2.7,0.3,0.4,0.4,0.3,1.2,2.7,LAC,68,11.9,-3.79,2.62,-1.17,1.01,6.7,98.1,40,6.200000000000001
320,365,Jarell Eddie,SF,25,12.4,1.2,3.8,0.316,0.8,3.2,0.25,0.4,0.6,0.667,0.421,1.6,1.8,0.889,0.2,1.2,1.4,0.0,0.2,0.0,0.2,0.2,4.8,PHX,5,12.4,-2.31,0.62,-1.69,0.06,8.2,109.87,0,6.199999999999999
357,366,Adreian Payne,PF,25,7.5,1.3,3.0,0.426,0.2,0.8,0.2,1.1,2.2,0.513,0.4539999999999999,0.8,1.1,0.737,0.5,1.3,1.8,0.4,0.4,0.4,0.4,1.8,3.5,MIN,18,7.5,-1.69,1.36,-0.33,0.24,8.2,96.52,5,6.1000000000000005
379,367,Semaj Christon,PG,24,15.2,1.2,3.5,0.345,0.2,1.0,0.19,1.0,2.5,0.406,0.372,0.3,0.5,0.5479999999999999,0.3,1.1,1.4,2.0,0.4,0.1,0.7,1.2,2.9,OKC,64,15.2,-3.76,-1.69,-5.45,-1.4,4.2,97.09,36,6.1
334,368,Jordan McRae,SG,25,10.4,1.6,4.1,0.387,0.5,1.4,0.353,1.1,2.7,0.4039999999999999,0.447,0.7,0.9,0.794,0.2,0.9,1.1,0.5,0.2,0.2,0.4,0.8,4.4,CLE,37,10.4,-2.19,-1.87,-4.06,-0.23,5.9,97.04,26,6.0
382,369,Jeff Withey,C,26,8.5,1.1,2.0,0.534,0.0,0.0,0.0,1.1,2.0,0.539,0.534,0.7,0.9,0.75,1.0,1.4,2.4,0.1,0.3,0.6,0.3,1.0,2.9,UTAH,51,8.5,-1.5,0.57,-0.93,0.58,9.6,95.93,33,5.999999999999999
404,370,Chris Andersen,C,38,9.5,0.8,1.8,0.409,0.0,0.3,0.0,0.8,1.6,0.474,0.409,0.8,1.2,0.7140000000000001,0.8,1.8,2.6,0.4,0.4,0.6,0.4,1.7,2.3,CLE,12,9.5,-1.4,1.02,-0.38,0.2,6.3,96.5,8,5.9
388,371,Okaro White,PF,24,13.5,0.9,2.5,0.379,0.3,1.0,0.353,0.6,1.5,0.396,0.4479999999999999,0.6,0.6,0.909,0.7,1.6,2.3,0.6,0.3,0.3,0.5,1.5,2.8,MIA,35,13.5,-2.13,-0.03,-2.16,0.28,5.0,95.86,26,5.799999999999999
371,372,Maurice Ndour,PF,24,10.3,1.2,2.7,0.4529999999999999,0.0,0.2,0.143,1.2,2.5,0.481,0.4589999999999999,0.6,0.8,0.731,0.7,1.3,2.0,0.3,0.5,0.3,0.4,0.9,3.1,NY,32,10.3,-1.94,-0.37,-2.31,0.07,6.9,97.61,10,5.799999999999999
373,373,Briante Weber,PG,24,10.3,1.3,3.0,0.417,0.1,0.5,0.1,1.2,2.5,0.48,0.425,0.6,0.8,0.688,0.4,0.9,1.3,1.1,0.6,0.1,0.4,0.8,3.1,GS/CHA,20,10.3,-2.02,-1.29,-3.31,-0.02,7.2,91.12,12,5.799999999999999
391,374,Marcelo Huertas,PG,33,10.3,1.1,3.0,0.368,0.2,0.8,0.211,0.9,2.1,0.429,0.397,0.4,0.7,0.529,0.1,1.0,1.0,2.3,0.4,0.1,0.8,0.7,2.7,LAL,23,10.3,-2.17,-1.25,-3.42,-0.05,6.6,101.12,5,5.7
393,375,Tomas Satoransky,SG,25,12.6,1.1,2.6,0.415,0.2,0.6,0.243,0.9,1.9,0.473,0.446,0.4,0.6,0.6970000000000001,0.4,1.0,1.5,1.6,0.5,0.1,0.7,1.1,2.7,WSH,57,12.6,-2.1,1.08,-1.02,0.93,6.4,95.69,33,5.7
359,376,Rashad Vaughn,SG,20,11.2,1.4,3.8,0.365,0.6,2.0,0.321,0.8,1.8,0.413,0.449,0.0,0.1,0.4,0.1,1.1,1.2,0.6,0.5,0.2,0.3,0.8,3.5,MIL,41,11.2,-3.44,-0.89,-4.33,-0.35,5.2,96.36,18,5.7
400,377,Kevon Looney,C,20,8.4,1.1,2.0,0.523,0.0,0.2,0.222,1.0,1.8,0.551,0.5329999999999999,0.4,0.6,0.618,0.8,1.5,2.3,0.5,0.3,0.3,0.3,1.2,2.5,GS,53,8.4,-2.03,1.05,-0.98,0.63,8.5,101.44,44,5.6
375,378,Sasha Vujacic,SG,32,9.7,1.0,3.2,0.309,0.5,1.8,0.311,0.5,1.5,0.306,0.3929999999999999,0.4,0.6,0.708,0.3,1.1,1.4,1.2,0.3,0.0,0.4,0.9,3.0,NY,42,9.7,-2.35,0.26,-2.09,0.27,6.2,99.29,14,5.5
403,379,Mike Scott,PF,28,10.8,0.9,3.3,0.288,0.2,1.5,0.148,0.7,1.8,0.406,0.322,0.4,0.4,0.875,0.6,1.5,2.1,0.9,0.2,0.2,0.4,0.7,2.5,ATL,18,10.8,-2.92,0.26,-2.66,0.06,5.8,97.93,7,5.5
358,380,Brian Roberts,PG,31,10.1,1.1,3.0,0.377,0.4,1.1,0.386,0.7,1.9,0.372,0.447,0.8,1.0,0.846,0.1,0.8,1.0,1.3,0.2,0.0,0.6,0.4,3.5,CHA,41,10.1,-2.62,-1.07,-3.69,-0.15,7.7,94.53,16,5.4
399,381,DeAndre Liggins,SG,28,12.5,0.9,2.3,0.387,0.3,0.7,0.37,0.6,1.5,0.396,0.447,0.4,0.6,0.625,0.3,1.4,1.7,0.9,0.8,0.2,0.7,1.3,2.5,CLE/DAL,62,12.5,-3.13,0.76,-2.37,0.37,4.6,97.12,40,5.4
383,382,Nicolas Brussino,SF,23,9.6,1.0,2.6,0.369,0.5,1.8,0.305,0.4,0.9,0.5,0.472,0.3,0.4,0.773,0.5,1.3,1.8,0.9,0.3,0.1,0.5,0.8,2.8,DAL,54,9.6,-2.42,-1.82,-4.24,-0.36,7.2,94.91,18,5.3999999999999995
386,383,Chinanu Onuaku,C,20,10.4,1.0,1.4,0.7140000000000001,0.0,0.0,,1.0,1.4,0.7140000000000001,0.7140000000000001,0.8,0.8,1.0,0.4,1.6,2.0,0.6,0.6,0.2,0.8,1.2,2.8,HOU,5,10.4,-2.25,0.15,-2.1,0.04,7.2,101.79,2,5.3999999999999995
385,384,James Michael McAdoo,PF,24,8.8,1.2,2.3,0.53,0.0,0.2,0.25,1.2,2.1,0.55,0.5379999999999999,0.4,0.8,0.5,0.7,1.1,1.8,0.3,0.3,0.6,0.4,0.9,2.8,GS,52,8.8,-3.15,1.07,-2.08,0.31,7.7,99.46,43,5.399999999999999
370,385,Paul Pierce,SF,39,11.1,1.1,2.8,0.4,0.6,1.7,0.349,0.5,1.1,0.481,0.507,0.4,0.5,0.769,0.0,1.9,1.9,0.4,0.2,0.2,0.6,1.6,3.2,LAC,25,11.1,-2.04,1.24,-0.8,0.4,4.4,97.71,16,5.300000000000001
394,386,Christian Wood,PF,21,8.2,0.9,1.8,0.522,0.0,0.4,0.0,0.9,1.4,0.667,0.522,0.8,1.2,0.733,1.1,1.2,2.2,0.2,0.2,0.5,0.5,0.8,2.7,CHA,13,8.2,-2.06,0.97,-1.09,0.13,9.3,94.08,5,5.300000000000001
369,387,Henry Ellenson,PF,20,7.7,1.2,3.4,0.359,0.5,1.8,0.286,0.7,1.5,0.4479999999999999,0.4379999999999999,0.2,0.4,0.5,0.4,1.7,2.2,0.4,0.1,0.1,0.7,0.3,3.2,DET,19,7.7,-2.32,0.38,-1.94,0.1,7.6,95.74,8,5.3
366,388,Norris Cole,PG,28,9.6,1.2,4.0,0.308,0.2,1.0,0.231,1.0,3.0,0.3329999999999999,0.337,0.6,0.8,0.8,0.0,0.8,0.8,1.1,0.6,0.0,0.5,1.4,3.3,OKC,13,9.6,-2.56,-0.48,-3.04,0.01,3.3,98.87,5,5.299999999999999
364,389,Dejounte Murray,PG,20,8.5,1.3,3.1,0.431,0.2,0.6,0.391,1.1,2.4,0.441,0.47,0.6,0.8,0.7,0.2,0.9,1.1,1.3,0.2,0.2,1.0,0.8,3.4,SA,38,8.5,-1.97,-0.83,-2.8,0.07,7.5,96.05,29,5.2
421,390,Cole Aldrich,C,28,8.6,0.7,1.4,0.523,0.0,0.0,,0.7,1.4,0.523,0.523,0.2,0.4,0.682,0.8,1.7,2.5,0.4,0.4,0.4,0.3,1.4,1.7,MIN,62,8.6,-1.82,1.83,0.01,1.04,7.6,97.42,23,5.100000000000001
402,391,Miles Plumlee,C,28,10.8,1.0,2.0,0.478,0.0,0.0,,1.0,2.0,0.478,0.478,0.6,0.9,0.6409999999999999,0.8,1.3,2.1,0.5,0.4,0.3,0.7,1.6,2.5,MIL/CHA,45,10.8,-2.79,0.52,-2.27,0.25,4.0,95.64,19,5.1
381,392,Fred VanVleet,PG,22,7.9,1.1,3.0,0.351,0.3,0.8,0.379,0.8,2.2,0.341,0.401,0.5,0.6,0.818,0.1,1.0,1.1,0.9,0.4,0.1,0.4,1.0,2.9,TOR,37,7.9,-2.44,0.83,-1.61,0.28,7.8,97.63,25,5.0
406,393,Greivis Vasquez,PG,30,13.0,0.7,2.7,0.25,0.3,1.0,0.3329999999999999,0.3,1.7,0.2,0.313,0.7,1.0,0.667,0.0,0.7,0.7,1.7,0.3,0.3,0.3,2.0,2.3,BKN,3,13.0,-1.77,-0.38,-2.15,0.03,0.9,102.41,1,5.0
374,394,Jarrett Jack,PG,33,16.5,1.0,1.5,0.667,0.0,0.5,0.0,1.0,1.0,1.0,0.667,1.0,1.0,1.0,0.0,0.0,0.0,2.5,1.0,0.0,1.5,2.0,3.0,NO,2,16.5,-1.85,0.01,-1.84,0.03,5.1,97.67,1,5.0
352,395,Malik Beasley,SG,20,7.5,1.5,3.3,0.452,0.4,1.3,0.321,1.1,2.0,0.5329999999999999,0.514,0.4,0.5,0.8,0.2,0.5,0.8,0.5,0.3,0.0,0.4,0.5,3.8,DEN,22,7.5,-1.74,0.21,-1.53,0.18,8.6,103.72,12,4.999999999999999
390,396,DeAndre' Bembry,SF,22,9.8,1.2,2.6,0.48,0.0,0.5,0.0559999999999999,1.2,2.1,0.575,0.485,0.2,0.4,0.375,0.4,1.2,1.6,0.7,0.2,0.1,0.4,0.6,2.7,ATL,38,9.8,-2.72,-0.67,-3.39,-0.05,7.2,97.03,20,4.9
355,397,Malachi Richardson,SG,21,9.0,1.3,3.1,0.412,0.4,1.3,0.286,0.9,1.8,0.5,0.471,0.7,0.9,0.789,0.1,0.9,1.0,0.5,0.2,0.0,0.4,1.0,3.6,SAC,22,9.0,-2.29,-0.14,-2.43,0.09,5.7,96.63,9,4.8999999999999995
387,398,Kyle Singler,SF,28,12.0,1.1,2.6,0.41,0.2,1.2,0.1889999999999999,0.8,1.4,0.5870000000000001,0.452,0.4,0.5,0.765,0.3,1.3,1.5,0.3,0.2,0.2,0.3,0.9,2.8,OKC,32,12.0,-3.25,0.9,-2.35,0.19,4.6,99.19,15,4.7
396,399,Andrew Nicholson,PF,27,9.0,1.1,2.9,0.387,0.1,0.7,0.185,1.0,2.2,0.452,0.41,0.2,0.4,0.643,0.4,1.2,1.6,0.3,0.4,0.2,0.4,1.4,2.6,BKN/WSH,38,9.0,-3.54,-0.67,-4.21,-0.23,3.1,97.45,20,4.7
368,400,Nicolas Laprovittola,PG,27,9.7,1.1,2.6,0.426,0.6,1.5,0.37,0.6,1.1,0.5,0.532,0.5,0.5,1.0,0.1,0.5,0.6,1.6,0.2,0.1,1.1,1.1,3.3,SA,18,9.7,-1.52,-1.19,-2.71,0.04,6.3,95.31,15,4.699999999999999
416,401,Marshall Plumlee,C,24,8.1,0.8,1.4,0.5329999999999999,0.0,0.0,,0.8,1.4,0.5329999999999999,0.5329999999999999,0.4,0.9,0.421,1.1,1.3,2.4,0.5,0.2,0.2,0.6,1.1,1.9,NY,21,8.1,-1.75,0.65,-1.1,0.22,6.0,97.55,6,4.6000000000000005
414,402,Udonis Haslem,C,36,8.1,0.7,1.4,0.478,0.0,0.2,0.0,0.7,1.3,0.55,0.478,0.6,0.9,0.6,0.5,1.8,2.3,0.4,0.4,0.1,0.5,1.4,1.9,MIA,16,8.1,-2.79,0.73,-2.06,0.09,7.3,98.53,6,4.6
367,403,Darrun Hilliard,SG,23,9.8,1.2,3.2,0.373,0.3,1.2,0.261,0.9,2.1,0.4379999999999999,0.421,0.5,0.7,0.75,0.1,0.8,0.8,0.8,0.3,0.1,0.7,1.0,3.3,DET,39,9.8,-3.2,-0.69,-3.89,-0.18,3.9,96.1,19,4.599999999999999
401,404,Raul Neto,PG,24,8.7,1.0,2.3,0.451,0.3,0.8,0.3229999999999999,0.8,1.5,0.517,0.505,0.2,0.2,0.889,0.1,0.7,0.8,0.9,0.5,0.1,0.4,1.2,2.5,UTAH,40,8.7,-1.43,0.92,-0.51,0.53,6.2,95.77,24,4.3999999999999995
398,405,Pat Connaughton,SG,24,8.1,0.9,1.8,0.514,0.4,0.8,0.515,0.5,1.0,0.513,0.632,0.2,0.2,0.778,0.3,1.1,1.3,0.7,0.2,0.1,0.4,0.6,2.5,POR,39,8.1,-1.28,-0.79,-2.07,0.21,8.8,95.99,18,4.3999999999999995
415,406,Damian Jones,C,21,8.5,0.8,1.6,0.5,0.0,0.0,,0.8,1.6,0.5,0.5,0.3,1.0,0.3,0.9,1.4,2.3,0.0,0.1,0.4,0.6,1.5,1.9,GS,10,8.5,-2.58,0.8,-1.78,0.07,1.6,96.61,7,4.1
377,407,Alan Anderson,SF,34,10.3,1.0,2.7,0.375,0.5,1.5,0.318,0.5,1.2,0.444,0.4629999999999999,0.4,0.5,0.75,0.1,0.7,0.8,0.4,0.1,0.0,0.2,1.2,2.9,LAC,30,10.3,-2.62,-1.04,-3.66,-0.1,2.3,95.84,20,4.0
412,408,Rakeem Christmas,PF,25,7.6,0.7,1.5,0.442,0.0,0.0,,0.7,1.5,0.442,0.442,0.7,1.0,0.7240000000000001,0.9,1.0,1.9,0.1,0.1,0.2,0.3,1.3,2.0,IND,29,7.6,-2.2,0.5,-1.7,0.2,4.9,98.43,14,4.0
384,409,James Jones,SF,36,7.9,0.9,1.9,0.478,0.6,1.4,0.47,0.3,0.5,0.5,0.647,0.3,0.4,0.65,0.1,0.7,0.8,0.3,0.1,0.2,0.2,0.8,2.8,CLE,48,7.9,-0.91,-1.27,-2.18,0.23,6.7,96.58,28,3.999999999999999
422,410,Nick Collison,PF,36,6.4,0.7,1.2,0.609,0.0,0.1,0.0,0.7,1.1,0.636,0.609,0.3,0.4,0.625,0.5,1.1,1.6,0.6,0.1,0.1,0.2,0.9,1.7,OKC,20,6.4,-2.18,1.12,-1.06,0.17,12.0,97.52,10,3.8999999999999995
419,411,Lamar Patterson,SG,25,8.0,0.6,3.0,0.2,0.2,1.2,0.1669999999999999,0.4,1.8,0.222,0.233,0.4,0.6,0.667,0.2,1.2,1.4,1.2,0.2,0.0,0.8,1.2,1.8,ATL,5,8.0,-2.23,0.62,-1.61,0.03,-0.4,93.96,1,3.8000000000000007
428,412,Mike Miller,SF,36,7.6,0.5,1.2,0.391,0.4,1.0,0.4,0.1,0.2,0.3329999999999999,0.565,0.1,0.1,1.0,0.1,1.8,1.9,1.1,0.1,0.0,0.7,0.5,1.4,DEN,20,7.6,-1.93,0.35,-1.58,0.16,8.4,103.18,9,3.8
425,413,Deyonta Davis,C,20,6.6,0.7,1.3,0.511,0.0,0.0,,0.7,1.3,0.511,0.511,0.3,0.5,0.556,0.6,1.1,1.7,0.1,0.1,0.5,0.2,1.1,1.6,MEM,36,6.6,-2.88,-0.24,-3.12,0.0,6.0,95.37,23,3.8
435,414,Ronnie Price,PG,33,9.6,0.3,1.7,0.1669999999999999,0.2,1.2,0.176,0.1,0.5,0.143,0.2289999999999999,0.2,0.3,0.75,0.2,0.6,0.8,1.3,0.8,0.1,0.2,1.0,1.0,PHX,14,9.6,-2.24,-0.53,-2.77,0.03,3.2,102.91,4,3.8
433,415,Anderson Varejao,C,34,6.6,0.4,1.0,0.357,0.0,0.0,,0.4,1.0,0.357,0.357,0.6,0.8,0.727,0.9,1.1,1.9,0.7,0.2,0.2,0.6,1.1,1.3,GS,14,6.6,-1.74,0.65,-1.09,0.1,4.8,102.27,12,3.7000000000000006
407,416,Metta World Peace,SF,37,6.4,0.8,2.7,0.2789999999999999,0.4,1.5,0.237,0.4,1.2,0.3329999999999999,0.346,0.4,0.6,0.625,0.2,0.6,0.8,0.4,0.4,0.1,0.3,0.7,2.3,LAL,25,6.4,-2.61,0.53,-2.08,0.11,2.9,97.7,8,3.6999999999999997
405,417,Chris McCullough,PF,21,5.0,1.0,2.0,0.5,0.1,0.4,0.143,0.9,1.6,0.6,0.516,0.2,0.3,0.6,0.6,0.6,1.2,0.1,0.1,0.1,0.2,0.4,2.3,BKN/WSH,16,5.0,-1.58,0.18,-1.4,0.09,8.5,100.2,1,3.6
408,418,James Young,SG,21,7.6,0.9,2.0,0.431,0.4,1.2,0.3429999999999999,0.4,0.8,0.565,0.534,0.2,0.3,0.667,0.2,0.7,0.9,0.1,0.3,0.1,0.1,0.5,2.3,BOS,29,7.6,-1.88,-0.28,-2.16,0.14,6.4,100.01,16,3.5999999999999996
395,419,Bryn Forbes,SG,23,7.9,1.0,2.8,0.364,0.5,1.5,0.321,0.5,1.3,0.413,0.449,0.1,0.2,0.833,0.1,0.6,0.6,0.6,0.0,0.0,0.3,0.6,2.6,SA,36,7.9,-2.78,-1.62,-4.4,-0.22,4.8,95.86,24,3.5000000000000004
418,420,Joel Bolomboy,PF,23,4.4,0.8,1.3,0.563,0.1,0.3,0.25,0.7,1.0,0.667,0.594,0.3,0.5,0.5,0.3,1.1,1.4,0.2,0.1,0.2,0.2,0.1,1.8,UTAH,12,4.4,-1.95,1.03,-0.92,0.07,15.4,95.32,8,3.5000000000000004
426,421,Ryan Kelly,PF,25,6.9,0.5,1.8,0.286,0.3,0.6,0.4,0.3,1.1,0.222,0.357,0.3,0.4,0.833,0.1,1.1,1.1,0.5,0.3,0.3,0.3,0.3,1.6,ATL,16,6.9,-1.94,1.45,-0.49,0.08,7.3,96.26,6,3.5
413,422,Demetrius Jackson,PG,22,3.4,0.6,0.8,0.75,0.2,0.2,1.0,0.4,0.6,0.667,0.875,0.6,1.2,0.5,0.4,0.4,0.8,0.6,0.0,0.0,0.0,0.0,2.0,BOS,5,3.4,-1.77,-0.3,-2.07,0.01,19.4,87.46,1,3.4
434,423,Stephen Zimmerman,C,20,5.7,0.5,1.6,0.3229999999999999,0.0,0.0,,0.5,1.6,0.3229999999999999,0.3229999999999999,0.2,0.3,0.6,0.6,1.3,1.8,0.2,0.1,0.3,0.2,0.9,1.2,ORL,19,5.7,-2.79,0.57,-2.22,0.06,4.6,95.34,8,3.4
409,424,Jake Layman,SF,22,7.1,0.7,2.5,0.292,0.4,1.5,0.255,0.4,1.1,0.342,0.365,0.4,0.5,0.765,0.2,0.5,0.7,0.3,0.3,0.1,0.3,0.6,2.2,POR,35,7.1,-2.99,-0.03,-3.02,0.02,2.5,98.83,16,3.3000000000000003
430,425,Joel Anthony,C,34,6.4,0.5,0.8,0.625,0.0,0.0,,0.5,0.8,0.625,0.625,0.3,0.4,0.625,0.4,1.2,1.6,0.2,0.1,0.3,0.2,0.6,1.3,SA,19,6.4,-2.41,1.44,-0.97,0.17,8.7,95.12,15,3.3000000000000003
431,426,Brice Johnson,PF,22,3.0,0.7,2.3,0.286,0.0,0.0,,0.7,2.3,0.286,0.286,0.0,0.0,,0.3,0.7,1.0,0.3,0.7,0.3,0.3,0.0,1.3,LAC,3,3.0,-2.32,1.08,-1.24,0.01,10.8,95.72,1,3.3
410,427,Treveon Graham,SG,23,7.0,0.7,1.5,0.475,0.3,0.6,0.6,0.4,0.9,0.4,0.588,0.4,0.6,0.667,0.2,0.6,0.8,0.2,0.2,0.0,0.1,0.7,2.1,CHA,27,7.0,-2.19,0.02,-2.17,0.11,6.5,94.19,10,3.2000000000000006
423,428,Jordan Hill,C,29,6.7,0.7,1.9,0.385,0.0,0.0,,0.7,1.9,0.385,0.385,0.3,0.3,1.0,1.1,0.9,2.0,0.0,0.1,0.0,0.6,1.3,1.7,MIN,7,6.7,-2.31,1.16,-1.15,0.06,1.5,90.23,2,3.2
424,429,Bruno Caboclo,SF,21,4.4,0.7,1.8,0.375,0.2,0.7,0.3329999999999999,0.4,1.1,0.4,0.4379999999999999,0.0,0.0,,0.6,0.6,1.1,0.4,0.2,0.1,0.2,0.4,1.6,TOR,9,4.4,-1.76,0.11,-1.65,0.04,9.4,95.38,8,3.2
417,430,Tim Quarterman,SG,22,5.0,0.8,1.8,0.4479999999999999,0.3,0.8,0.385,0.5,1.0,0.5,0.534,0.0,0.2,0.0,0.3,0.6,0.9,0.7,0.1,0.2,0.7,0.4,1.9,POR,16,5.0,-1.95,-0.4,-2.35,0.04,8.1,96.45,6,3.1000000000000005
427,431,Jordan Mickey,PF,22,5.6,0.6,1.4,0.441,0.0,0.0,0.0,0.6,1.3,0.455,0.441,0.3,0.6,0.5710000000000001,0.5,0.8,1.4,0.3,0.1,0.2,0.4,0.5,1.5,BOS,25,5.6,-2.62,-0.15,-2.77,0.03,6.0,97.66,9,3.1
397,432,Bobby Brown,PG,32,4.9,0.9,2.4,0.3829999999999999,0.6,1.4,0.4,0.4,1.0,0.36,0.5,0.1,0.1,1.0,0.0,0.2,0.2,0.6,0.0,0.0,0.2,0.2,2.5,HOU,25,4.9,-1.69,-1.18,-2.87,0.02,6.9,102.26,18,3.1
411,433,Joe Young,PG,24,4.1,0.8,2.2,0.361,0.2,0.7,0.217,0.6,1.5,0.429,0.396,0.3,0.5,0.733,0.0,0.5,0.5,0.5,0.1,0.0,0.2,0.2,2.1,IND,33,4.1,-2.64,-1.42,-4.06,-0.08,8.7,99.86,18,3.0
440,434,Isaiah Taylor,PG,22,13.0,0.3,1.8,0.143,0.0,0.5,0.0,0.3,1.3,0.2,0.143,0.3,0.5,0.5,0.3,0.5,0.8,0.8,0.3,0.3,0.0,1.5,0.8,HOU,4,13.0,-2.19,-0.9,-3.09,0.0,-1.3,103.9,3,3.0
420,435,Damjan Rudez,SF,30,7.0,0.7,2.0,0.352,0.4,1.4,0.313,0.2,0.5,0.4579999999999999,0.466,0.0,0.0,,0.1,0.4,0.6,0.4,0.3,0.0,0.2,0.7,1.8,ORL,45,7.0,-2.38,-0.9,-3.28,-0.03,3.6,96.28,12,2.8999999999999995
439,436,Alonzo Gee,SF,29,6.8,0.2,1.1,0.214,0.0,0.2,0.0,0.2,0.8,0.273,0.214,0.4,0.7,0.556,0.3,0.8,1.2,0.5,0.4,0.1,0.3,1.1,0.8,DEN,13,6.8,-2.11,0.43,-1.68,0.08,0.8,104.33,4,2.7
432,437,Daniel Ochefu,C,23,3.9,0.6,1.4,0.444,0.0,0.0,,0.6,1.4,0.444,0.444,0.0,0.1,0.0,0.3,0.9,1.2,0.2,0.1,0.0,0.2,0.9,1.3,WSH,19,3.9,-2.35,0.55,-1.8,0.06,4.5,93.95,12,2.6
436,438,Mike Tobey,C,22,12.5,0.5,2.0,0.25,0.0,0.0,,0.5,2.0,0.25,0.25,0.0,0.0,,1.0,0.5,1.5,0.5,0.0,0.0,0.5,1.0,1.0,CHA,2,12.5,-1.91,0.99,-0.92,0.03,-1.6,91.41,0,2.5
429,439,Diamond Stone,C,19,3.4,0.4,1.9,0.231,0.0,0.0,,0.4,1.9,0.231,0.231,0.6,0.6,1.0,0.1,0.7,0.9,0.0,0.0,0.1,0.3,0.7,1.4,LAC,7,3.4,-2.77,0.49,-2.28,0.01,-1.4,95.11,6,2.1
437,440,Georges Niang,PF,23,4.0,0.4,1.6,0.25,0.0,0.5,0.083,0.3,1.0,0.3329999999999999,0.264,0.1,0.1,1.0,0.1,0.7,0.7,0.2,0.1,0.0,0.2,0.3,0.9,IND,23,4.0,-2.99,0.37,-2.62,0.03,2.0,97.58,11,1.7000000000000002
438,441,Kyle Wiltjer,PF,24,3.1,0.3,1.0,0.286,0.3,0.9,0.308,0.0,0.1,0.0,0.429,0.1,0.1,0.5,0.3,0.4,0.7,0.1,0.2,0.1,0.4,0.3,0.9,HOU,14,3.1,-2.54,0.57,-1.97,0.04,3.3,107.61,12,1.6
443,442,Aaron Harrison,SG,22,3.4,0.0,0.8,0.0,0.0,0.4,0.0,0.0,0.4,0.0,0.0,0.2,0.4,0.5,0.0,0.6,0.6,0.6,0.0,0.0,0.0,0.4,0.2,CHA,5,3.4,-1.42,-0.32,-1.74,0.01,0.0,92.43,2,1.4
442,443,John Lucas III,PG,34,2.2,0.2,0.8,0.25,0.0,0.2,0.0,0.2,0.6,0.3329999999999999,0.25,0.0,0.0,,0.0,0.0,0.0,0.2,0.4,0.0,0.0,0.0,0.4,MIN,5,2.2,-1.3,-0.61,-1.91,0.01,7.3,94.47,3,1.0
441,444,Michael Gbinije,SG,24,3.6,0.1,1.1,0.1,0.0,0.4,0.0,0.1,0.7,0.1669999999999999,0.1,0.2,0.2,1.0,0.2,0.1,0.3,0.2,0.0,0.0,0.0,0.2,0.4,DET,9,3.6,-2.17,-0.17,-2.34,0.02,-2.7,91.34,7,0.8999999999999999
445,445,Patricio Garino,SG,23,8.6,0.0,1.4,0.0,0.0,1.0,0.0,0.0,0.4,0.0,0.0,0.0,0.0,,0.2,1.2,1.4,0.0,0.0,0.0,0.6,0.8,0.0,ORL,5,8.6,-2.61,-0.4,-3.01,0.0,-4.9,95.65,2,0.7999999999999999
444,446,Ben Bentil,PF,21,3.3,0.0,1.0,0.0,0.0,0.3,0.0,0.0,0.7,0.0,0.0,0.0,0.0,,0.0,0.7,0.7,0.0,0.0,0.0,0.3,0.3,0.0,DAL,3,3.3,-1.95,0.65,-1.3,0.01,-6.1,106.15,2,0.39999999999999997
